"key","en","br","es","ja_JP","pr"
"TOTAL_TIME","Total Time","Tempo Total","Tiempo total","トータルタイム","EspídiRã"
"DISCLAIMER1","This is a free fangame.\n\nIt is not affiliated, associated, authorized, endorsed or in any way officially connected with Capcom or any of it's subsidiaries or it's affiliates.\n\nMega Man X is a property of Capcom.\nPlease support the official release!","Este jogo é um fangame gratuito.\n\nEle não é afiliado, associado, autorizado, aprovado ou oficialmente conectado com a Capcom ou qualquer uma de suas subsidiárias.\n\nMega Man X é propriedade da Capcom.\nPor favor, apoie os jogos oficiais!","Este es un fangame gratuito.\n\nNo está afiliado, asociado, autorizado, respaldado ni de ninguna manera oficialmente conectado con Capcom o cualquiera de sus filiales o afiliados.\n\nMega Man X es una propiedad de Capcom.\n¡Por favor, apoya el lanzamiento oficial!","これは無料のファンゲームです\n\nカプコン (CAPCOM) 及びその子会社・関連会社とは一切何の提携関係もありません。n\n「ロックマンX」とそのシリーズはカプコン社の書作物です。公式リリースをサポートして下さい。","Este jogo é um fangame gratuito.\n\nEle não é afiliado, associado, autorizado, aprovado ou oficialmente conectado com a Capcom ou qualquer uma de suas subsidiárias.\n\nMega Man X é propriedade da Capcom.\nPor favor, apoie os jogos oficiais!"
"MADE_BY","A solo project by","Um projeto solo por","Un proyecto hecho solo por","製作者","A poha toda feita por:"
"INSPIRED_BY","Inspired by","Inspirado pela","Inspirado por","原作","Inspirado pela"
"SPECIALTHANKSTEXT","This mod was made by Zashiko\n\nAnd decompiled by pirate\n\nSpecial thanks to all of the mod's contributors and testers.\nRetranslations by: ElevenSSF2 (Mint)","Esse mod foi feito pelo Zashiko\n\nE descompilado por Pirate\n\nAgradecimentos especiais a todos os colaboradores e testadores do mod.\nTradução feita pelo: ElevenSSF2 (Mentinha)","Este mod fue hecho por Zashiko.\n\nY decompilado por pirate\n\nAgradecimentos especiales a todos los contribuidores y testers del mod.\nTraducción: ElevenSSF2 (Mint) & Tchy","このModは「Zashiko」で作成され、「Pirate」にて逆コンパイルされたものです。\n\n全ての協力者に特別な感謝を捧げよう：\nRubenO.S\nAmeNiki\nGacel\nShaudo\nミント ツインビー(ElevenSSF2)\nTchy\nOlim TR\n\nこのModの製作を応援してくれてありがとうございました！","Essa rom hack foi feita pelo Zashiko\n\nE rehackeada por pirate\n\nObrigado pelo apoio a Rom Hack.\nTradução feita pelo: Pirralho de cabelo verde com 1 ano de idade :3"
"16-BIT_TITLE","16-bit","16-bits","16-bit","SFC版","Cabe num cartucho, confia que dá"
"OPTIONS_START","OPTION MODE","OPÇÕES","MODO DE OPCIONES","オプション","MEXER NUNS TRECO"
"KEYCFG_START","KEY  CONFIG","CONTROLES","CONFIGURAR CONTROLES","コンフィグ","CONTROLE ZOADO"
"GAME_START","GAME  START","INICIAR JOGO","INICIAR JUEGO","GAME START","COMEÇAR ESSA PORRA"
"GAME_START_NORMAL","NORMAL MODE","NORMAL","MODO NORMAL","NORMAL","NORMAL"
"GAME_START_ROOKIE","ROOKIE MODE","FÁCIL","MODO NOVATO","ROOKIE","BEBÊ"
"GAME_START_HARD","HARD MODE","DIFÍCIL","MODO DIFÍCIL","HARD","É O QUE TEM PRA HOJE"
"GAME_START_INSANITY","INSANITY MODE","INSANO","MODO INSANO","INSANITY","VÉI, NA BOA?"
"GAME_START_NINJA","NINJA GAIDEN MODE","QUASE IMPOSSÍVEL","MODO NINJA GAIDEN","NINJA GAIDEN MODE","DESISTA DO SEUS SONHOS E MORRA!"
"LOAD_GAME","LOAD GAME","CARREGAR JOGO","CARGAR PARTIDA","LOAD GAME","CARREGAR SAVE STATE"
"ON_VALUE","ON","Ativo","ON","オン","Ativo"
"ON_VALUE_B","ALT","Alt.","Alt.","ALT","DESPERADOS?"
"OFF_VALUE","OFF","Desl.","OFF","オフ","Desl."
"EXIT_BUTTON","Exit","Sair","Salir","もどる","Vazar"
"ARMORSETUP_TITLE","Armor Setup","Armadura","Armadura","ARMOR","Fashion Souls"
"LOADOUT_DISC","Choose your loadout.","Escolha sua armadura","Elige Tu Armadura","アーマーパーツを選んで","3 por 15"
"DEFAULTHEAD_NAME","Default Head","Capacete Padrão","Casco Estandar","デフォルトヘッド","Chifres Padrão"
"DEFAULTHEAD_DISC","Default part.","Parte padrão.","Parte Estandar.","デフォルトパーツ","Parte padrão."
"DEFAULTBODY_NAME","Defaul Body","Peitoral Padrão","Peto Estandar","デフォルトボディ","Petcholas Padrão"
"DEFAULTBODY_DISC","Default part.","Parte padrão.","Parte Estandar.","デフォルトパーツ","Parte padrão."
"DEFAULTARMS_NAME","Default Buster","Canhão Padrão","Buster Estandar","デフォルトアーム","Braços Padrão"
"DEFAULTARMS_DISC","Default part.","Parte padrão.","Parte Estandar.","デフォルトパーツ","Parte padrão."
"DEFAULTLEGS_NAME","Default Foot","Botas Padrão","Botas Estandar","デフォルトフット","Saltos Padrão"
"DEFAULTLEGS_DISC","Default part. Can air dash.","Parte padrão. Dash aéreo.","Parte Estandar. Dash Aéreo","デフォルトパーツ、エアダッシュ","Parte padrão. Dash aéreo."
"HERMESHEAD_NAME","Head Parts H","Capacete H","Cabeza H","ヘッドパーツ H","Par de Chifres H"
"HERMESHEAD_DISC","Charges buster shot faster.","Carregamento de tiro mais rápido.","Carga más rápido.","バスターのクイックチャージ","Carregamento de berro mais rápido."
"HERMESBODY_NAME","Body Parts H","Peitoral H","Cuerpo H","ボディパーツ H","Petcholas H"
"HERMESBODY_DISC","Buster hits heal damage taken.","Acertar o Buster cura dano tomado.","Los golpes del Buster curan el daño recibido.","受けた分のダメージを敵への打撃で回復できる","Acertar Berros cura dano tomado."
"HERMESARMS_NAME","Buster Parts H","Buster H","Buster H","アームパーツH","Berro H"
"HERMESARMS_DISC","Weapon shots consume no ammo.","Tiros de Arma não gastam munição.","Los disparos del Arma no consumen munición.","特殊武器を使っても消費されない","Tiros de Peido não gastam munição."
"HERMESLEGS_NAME","Foot Parts H","Botas H","Botas H","フットパーツH","Saltos H"
"HERMESLEGS_DISC","Invincibility while Dashing.","Dash invencível.","Invencible con Dash.","ダッシュ時は無敵状態になる","Dash invencível."
"ICARUSHEAD_NAME","Head Parts I","Capacete I","Cabeza I","ヘッドパーツI","Par de Chifres I"
"ICARUSHEAD_DISC","Creates damaging area during jump.","Pulo causa dano em inimigos.","Crea un área dañina durante el salto.","ジャンプ中、頭上の敵にダメージを与える","Chifradas causa dano em inimigos."
"ICARUSBODY_NAME","Body Parts I","Peitoral I","Cuerpo I","ボディパーツI","Petcholas I"
"ICARUSBODY_DISC","Immune to knockback.","Não é empurrado ao tomar dano.","Inmune al empujo al recibir daño.","うけるダメージを軽減させ、ノックバックを無効化する","Não é empurrado ao tomar dano."
"ICARUSARMS_NAME","Buster Parts I","Buster I","Buster I","アームパーツI","Berro I"
"ICARUSARMS_DISC","Charged shots consume no ammo.","Carregados não gastam munição.","Tiros cargados no consumen munición.","チャージショットがエネルギーを一切消費しない","Cagados não gastam munição."
"ICARUSLEGS_NAME","Foot Parts I","Botas I","Botas I","フットパーツI","Saltos I"
"ICARUSLEGS_DISC","High Jump & Double Air Dash.","Pulo mais alto e Dash aéreo 2x.","Salto alto y Dash aéreo.","ハイジャンプと空中ダッシュを最大2回にする","Pulo mais alto e Dash aéreo 2x."
"ULTIMATEHEAD_NAME","Head Parts U","Capacete U","Cabeza U","ヘッドパーツU","Par de Chifres U"
"ULTIMATEHEAD_DISC","Damaging area during jump and faster Charge.","Pulo causa dano e carrega o tiro mais rápido.","Crea un área dañina y carga más rápido.","ジャンプ時の頭突きアタック&クイックチャージ","Carregue mais rápido e dê chifradas."
"ULTIMATEBODY_NAME","Body Parts U","Peitoral U","Cuerpo U","ボディパーツU","Petcholas U"
"ULTIMATEBODY_DISC","No knockback and Buster heals damage taken.","Não é empurrado e Buster cura dano tomado.","Inmune al empujo y Buster curan daño.","ノーノックバック&ヒーリングバスター","Não é empurrado e Berros curam dano tomado."
"ULTIMATEARMS_NAME","Ultimate Buster","Ultimate Buster","Ultimate Buster"," アルティメットバスター","Ultimate Berrão"
"ULTIMATEARMS_DISC","Shots consume no ammo.","Tiros de Armas não gastam munição.","Tiros no consumen munición.","武器のエネルギーが一切消費されない","Tiros de Peidos e Cagadas não gastam munição."
"ULTIMATELEGS_NAME","Foot Parts U","Botas U","Botas U","フットパーツU","Saltos U"
"ULTIMATELEGS_DISC","Improved mobility and Invincible Dash.","Mobilidade aprimorada e Dash Invencível.","Movilidad mejorada y Dash Invencible.","動作性の向上＆無敵ダッシュ","Mobilidade aprimorada e Dash Invencível."
"AXLNORMAL_NAME","Standard Armor","Peitoral Padrão","Peto Estándar","デフォルトボディ","Preto"
"AXLNORMAL_DISC","Without special abilities.","Sem Habilidades Especiais.","Sin habilidades especiales.","デフォルトパーツ","Só nos pápápá."
"AXLWHITE_NAME","???","???","???","???","Branco"
"AXLWHITE_DISC","Overall buffs.","Aprimoramentos extras.","Mejoras adicionales.","大体なバフ","Cabelin na Régua."
"TANK_ABV","SUB.T","SUB.T","SUB.T","SUB.T","ANTAR."
"OPTIONS_ABV","OPTIONS","OPÇÕES","OPCIONES","オプション","OPÇÕES"
"KEYCFG_ABV","KEYCFG","CONFIG","CONFIG","コントロール","CONFIG"
"ACHIEV_ABV","Achiev","Conqst","Logros","じっせき","Conqst"
"X_WPNMENU","X. Buster","X. Buster","X. Buster","エクスバスター","Limão"
"SUNFLOWER_WPNMENU","O. Shield","O. Shield","O. Shield","オプティックシールド","Bola do Kiko"
"ANTONION_WPNMENU","S. Bomb","S. Bomb","S. Bomb","スクイーズボム","Black H.Bomb"
"MANTIS_WPNMENU","D. Arrow","D. Arrow","D. Arrow","ダークアロー","Racismo"
"MANOWAR_WPNMENU","T. Dancer","T. Dancer","T. Dancer","サンダーダンサー","Ai! Ai!"
"PANDA_WPNMENU","B. Launcher","B. Launcher","B. Launcher","ブラストランチャー","KABOOM!"
"TRILOBYTE_WPNMENU","C. Bouncer","C. Bouncer","C. Bouncer","クリスタルバウンサー","Pedras"
"YETI_WPNMENU","D. Diamond","D. Diamond","D. Diamond","ドリフトダイヤモンド","Sorvete!"
"ROOSTER_WPNMENU","F. Dash","F. Dash","F. Dash","ファイアダッシュ","Brasil"
"AXL_WPNMENU","Axl Bullet","Axl Bullet","Axl Bullet","アクセルバレット","Edson"
"SUNFLOWER_AXL_WPNMENU","Ray Gun","Ray Gun","Ray Gun","レイガン","Pistola do X7"
"ANTONION_AXL_WPNMENU","Spiral Magnum","Spiral Magnum","Spiral Magnum","スパイラルマグナム",357
"MANTIS_AXL_WPNMENU","Black Arrow","Black Arrow","Black Arrow","ブラックアロー","Flecha Emo"
"MANOWAR_AXL_WPNMENU","Plasma Gun","Plasma Gun","Plasma Gun","プラズマガン","Espirro Eletrico"
"PANDA_AXL_WPNMENU","Blast Launcher","Blast Launcher","Blast Launcher","ブラストランチャー","It's yours my friend"
"TRILOBYTE_AXL_WPNMENU","Bound Blaster","Bound Blaster","Bound Blaster","バウンドブラスター","Gemini Laser gordo"
"YETI_AXL_WPNMENU","Ice Gattling","Ice Gattling","Ice Gattling","アイスガトリング","Estoura Ouvido"
"ROOSTER_AXL_WPNMENU","Flame Burner","Flame Burner","Flame Burner","フレイムバーナー","Lança Chaach"
"SUNFLOWER_ZERO_WPNMENU","Tenshouha","Tenshouha","Tenshouha","Tenshouha","TENSHOUHA! OOOOOH!"
"ANTONION_ZERO_WPNMENU","Juuhazan","Juuhazan","Juuhazan","Juuhazan","Tio Razão"
"MANTIS_ZERO_WPNMENU","Rasetsusen","Rasetsusen","Rasetsusen","Rasetsusen","Tá 100%"
"MANOWAR_ZERO_WPNMENU","Raikousen","Raikousen","Raikousen","Raikousen","Ai Frozen"
"PANDA_ZERO_WPNMENU","Youdantotsu","Youdantotsu","Youdantotsu","Youdantotsu","Que olhar torso"
"TRILOBYTE_ZERO_WPNMENU","Rekkyoudan","Rekkyoudan","Rekkyoudan","Rekkyoudan","Rei Cordão"
"YETI_ZERO_WPNMENU","Hyouryuushou","Hyouryuushou","Hyouryuushou","Hyouryuushou","Que hora é o Show"
"ROOSTER_ZERO_WPNMENU","Enkoujin","Enkoujin","Enkoujin","Enkoujin","Em Frojin"
"SUNFLOWER_ZERO_DISC","Down + Shot 2","Baixo + Tiro 2","Abajo + Disparo 2","Down + Shot 2","Agacha + Tiro 2"
"ANTONION_ZERO_DISC","Shot 2","Tiro 2","Disparo 2","Shot 2","Tiro 2"
"MANTIS_ZERO_DISC","Shot 2 (Air)","Tiro 2 (No Ar)","Disparo 2 (aire)","Shot 2","Tiro 2 (No Ar)"
"MANOWAR_ZERO_DISC","Dash + Shot 2","Dash + Tiro 2","Dash + Disparo 2","Dash + Shot 2","Dash + Tiro 2"
"PANDA_ZERO_DISC","Left/Right + Shot 2","Dir./Esq. + Tiro 2","Izq./dere. + Disparo 2","Left/Right + Shot 2","Dir./Esq. + Tiro 2"
"TRILOBYTE_ZERO_DISC","Passive","Passiva","pasiva","パッシブ","Deixa Desligado :)"
"YETI_ZERO_DISC","Up + Shot 2","Cima + Tiro 2","Arriba + Disparo 2","Up + Shot 2","Cima + Tiro 2"
"ROOSTER_ZERO_DISC","Down + Shot 2 (Air)","Baixo + Tiro 2 (No Ar)","Abajo + Disparo 2 (aire)","Down + Shot 2","Agacha + Tiro 2"
"ZERO_WPNMENU","Z-Saber","Z-Sabre","Sable Z","ゼットセイバー","Hu Ha Hu!"
"BFAN_WPNMENU","B-Fan","B-Fan","B-Fan","Bファン","Mai Shiranui"
"DGLAIVE_WPNMENU","D-Glaive","D-Glaive","D-Glaive","Dグレイブ","Lança Grossa"
"TBREAKER_WPNMENU","T-Breaker","T-Breaker","T-Breaker","Tブレイカー","Piko Piko"
"KKNUCKLE_WPNMENU","K-Knuckle","K-Knuckle","K-Knuckle","Kナックル","Knuckles"
"VHANGER_WPNMENU","V-Hanger","V-Hanger","V-Hanger","Vハンガー","Harpuia"
"SIGMABLADE_WPNMENU","Sigma-Blade","Sigma-Blade","Sigma-Blade","シグマブレード","De A ate Z"
"YOUGOT_TITLE","You got","Você obteve","Obtienes","YOU GOT","Você Afanou"
"SUNFLOWER_WEAPON","Optic Shield","Optic Shield","Optic Shield","オプティックシールド","Bola do Kiko"
"ANTONION_WEAPON","Squeeze Bomb","Squeeze Bomb","Squeeze Bomb","スクイーズボム","Black H.Bomb"
"MANTIS_WEAPON","Dark Arrow","Dark Arrow","Dark Arrow","ダークアロー","Racismo"
"MANOWAR_WEAPON","Thunder Dancer","Thunder Dancer","Thunder Dancer","サンダーダンサー","Ai! Ai!"
"PANDA_WEAPON","Blast Launcher","Blast Launcher","Blast Launcher","ブラストランチャー","KABOOM!"
"TRILOBYTE_WEAPON","Crystal Bouncer","Crystal Bouncer","Crystal Bouncer","クリスタルバウンサー","Pedras"
"YETI_WEAPON","Drift Diamond","Drift Diamond","Drift Diamond","ドリフトダイヤモンド","Sorvete!"
"ROOSTER_WEAPON","Fire Dash","Fire Dash","Fire Dash","ファイアダッシュ","Brasil"
"OPTIONS_TITLE","OPTIONS","OPÇÕES","OPCIONES","OPTIONS","CUIDADO PRA NÃO ZOAR"
"LANGUAGE_OPTION","Language","Idioma","Idioma","言語","Idioma"
"BOSS_REMIX_OPTION","Boss Remix","Nostalgia","Remix de jefe","BOSS REMIX","SnesTalgia"
"REMIX_OPTION","16-bit Remix","Nostalgia 16-bit","Remix 16-bit","SFC REMIX","SnesTalgia2"
"DT_DASH_OPTION","Double tap dash","Dash 2x pra frente","2x toque para Dash","十字キー2回押しでダッシュ","Isso n é jogo de luta carai"
"SKIP_DIAG_OPTION","Skippable Dialogs","Diálogos Puláveis","Diálogos Omitibles","会話をスキップ","Não gosto de ler"
"CHARGE_OPTION","Charge fade out","Som Carregar Gradual","Sonido de Carga Gradual","チャージショット効果音のフェードアウト","ficar doido com charge"
"ACHIEV_OPTION","Show Achievements","Mostrar Conquistas","Mostrar Logros","実績を表示する","Isso não é RA carai"
"MUSIC_OPTION","Music Volume","Volume da Música","Volumen de la Música","BGM","Pôe no máximo"
"SOUND_OPTION","Sound Volume","Volume dos Sons","Volumen de los Sonidos","SE","Zoada"
"VSync","VSync","VSync","VSync","VSync","VSync pra que mesmo?"
"FPS_OPTION","Target FPS","FPS Alvo","FPS Objetivo","FPS","Seu PC não tanka"
"FPS_PHYSICS_OPTION","Physics FPS","FPS de física","FPS de física","Physics FPS","Seu PC não tanka 2"
"FPS_UNCAPPED","Uncapped","Ilimitado","Ilimitado","NO LIMIT","Sem Freio"
"WSIZE_OPTION","Window Size","Tamanho da Janela","Tamaño de la Ventana","スクリーンサイズ","Deixar grandão"
"FULLSCREEN_OPTION","Fullscreen","Tela Cheia","Pantalla Completa","フルスクリーン","Cobrir tudo"
"STRETCH_OPTION","Stretch Mode","Alongamento","Estiramiento","伸縮モード","Deixe a Tela"
"STRETCH_OPTION_VIEWPORT","No interpolation","Sem interpolação","Sin interpolación","補間なし","Fabulosa"
"STRETCH_OPTION_2D","Interpolated","Interpolado","Interpolado","補間あり","Feia"
"CRT_OPTION","CRT Filter","Filtro CRT","Filtro CRT","CRTフィルタ","TV de Tubo"
"LIGHT_VALUE","Light","Leve","Tenue","強度","Levin"
"STRONG_VALUE","Strong","Forte","Fuerte","軽度","Brabo!"
"DEBUG_OPTION","Show Debug","Mostrar Debug","Mostrar Debug","デバッグモード","Já vai cheatar né"
"SHOWIGT_OPTION","Show IGT","Mostra Tempo","Muestra el tiempo","タイマーを表示","Isso é Time Attack?"
"GATEWAYSKIP_OPTION","Gateway Skip","Gateway Skip","Gateway Skip","ゲートウェイをスキップ","Já vai bugar né?"
"ASPECT_OPTION","Aspect Ratio","proporção de tela","Relación de aspecto","縦横比","Vai Esticar mermo?"
"IGNORE_VALUE","ignore","Não","No","いいえ","ESTICADO!"
"KEEP_VALUE","keep","Sim","Sí","はい","Jeito certo"
"KEYCFG_TITLE","KEY CONFIG","CONFIGURAÇÃO DE BOTÕES","CONFIGURACIÓN DE BOTONES","CONFIG","DEIXA O DASH NO A"
"EXIT_MAINMENU","Return to title screen","Voltar para a tela de título","Volver a pantalla de titulo","タイトル画面に戻る","Reset"
"ACTION_CTG","Action","Ação","Acción","アクション","Ação"
"KEYBOARD_CTG","Keyboard","Teclado","Teclado","キーボード","Teclado"
"JOYPAD_CTG","Joypad","Controle","Mando","ジョイスティック","Controle"
"LEFT_ACT","left","Esquerda","Izquierda","左","esquerda"
"RIGHT_ACT","right","Direita","Derecha","右","direita"
"NEWGAME_OPTION","New game+","Novo jogo+","Nuevo juego+","NEW GAME +","Começar essa poha DNV!!!!"
"CLEARSAVE_OPTION","Clear save game and reset","Deletar Jogo Salvo e Resetar","Borrar Juego Guardado y Reiniciar","セーブデータを消去する","Deletar Save State"
"CLEARSAVE_CONFIRM","Press again to confirm","Pressione novamente para confirmar","Presiona Nuevamente Para Confirmar","よろしかったら決定ボタンを押してください","Dar Load State sem querer dnv?"
"RESET_ACHIEV","Clear Achievements Progress","Apagar Progresso Conquistas","Borrar Progreso de Logros","実績データを消去する","Apagar Conta do RA"
"CLEARSAVE_CONFIRM","Press again to confirm","Pressione novamente para confirmar","Presiona Nuevamente Para Confirmar","よろしかったら決定ボタンを押してください","Clique dnv se você se odeia"
"RESET_ACHIEV_FINISHED","Achivements Progress Cleared.","Conquistas Resetadas","Progreso de Logros Apagado","データが消去されました","CRL! MINHAS CONQ. PORRA! FDP!"
"UP_ACT","up","Cima","Arriba","上","cima"
"DOWN_ACT","down","Baixo","Abajo","下","baixo"
"SHOT_ACT","shot","Tiro","Disparo","メインウェポン","tiro"
"SHOT2_ACT","shot2","Tiro2","Disparo2","サブウェポン","tiro2"
"JUMP_ACT","jump","Pulo","Salto","ジャンプ","pulo"
"DASH_ACT","dash","Dash","Dash","ダッシュ","dash"
"ARMORABILITY_ACT","Armor Ability","Ataque Esp.","Hab. Armadura","ギガアタック","ataque esp."
"PREV_ACT","prev weapon","Arma Anterior","Arma Anterior","武器セレクト 左","arma anterior"
"NEXT_ACT","next weapon","Proxima arma","Arma Siguiente","武器セレクト 右","proxima arma"
"PAUSE_ACT","pause menu","Pausar","Pausar","ポーズメニュー","pausar"
"CONFIRM_ACT","menu confirm","Confirmar","Confirmar","メニュー確認","confirmar"
"WPNLEFT_ACT","wheel left","Roda Esq.","Rueda Izq.","ホイール 左","roda esq."
"WPNRIGHT_ACT","wheel right","Roda Dir.","Rueda Der.","ホイール 右","roda dir."
"WPNUP_ACT","wheel up","Roda Cima","Rueda Arriba","ホイール 上","roda cima"
"WPNDOWN_ACT","wheel down","Roda Baixo","Rueda Abajo","ホイール下","roda baixo"
"WPNRESET_ACT","Select Buster","Selec. Buster","Selec. Buster","バスター","selec. limão"
"ACHIEV_SCREEN_TITLE","Achievements","Conquistas","Logros","実績","Aqui não é RA carai"
"ACHIEVEMENTSUNLOCKED","Achievements Earned","Conquistas Desbloqueadas","Logros Desbloqueados","達成した実績","RA Conectado"
"DEBUGACHIEVTITLE","Locked Achievement...","Conquista Bloqueada...","Logro Bloqueado...","ロックされた実績","Vai trapaçear aqui não rapaz"
"DEBUGACHIEVDISC","Used Debug Mode.","Usou Modo Debug.","Usaste Modo Debug.","デバッグモードオン","Partiu quebrar o jogo! WOOOOOOOOOOOOOOOOOOOOOOOO!!!!!!!!!!!!!!!!!!!!!!"
"BEATINTRO_DISC","Defeated Noah's Park Boss.","Derrotou o Chefe do Parque de Noé.","Derrotaste al Jefe del Parque de Noah","ノアズパークのボスを倒した","Derrotou o Capitão da Amazonia."
"BEATINTRO_TITLE","Good to see you again","É bom te ver outra vez","Bueno verte de nuevo","また会えたな","O Amarelo mais Safado dessa Região!"
"COLLECTALLHEARTS_DISC","Collected all Heart Tanks.","Coletou todos os Corações.","Recolectaste todos los corazones.","ハートタンクをすべて入手した","Coletou todos os Corações."
"COLLECTALLHEARTS_TITLE","Strider","Strider","Strider","ストライダー","Glê Glê Glê Glê Glê"
"COLLECTALLSUBTANKS_DISC","Collected All Sub Tanks.","Coletou todos os Sub Tanks.","Recolectaste todos los Sub Tanques.","サブタンクをすべて入手した","Coletou todas as Antarcticas."
"COLLECTALLSUBTANKS_TITLE","Virtue's Last Reward","A Última Recompensa da Virtude","Virtue's Last Reward","究極の報酬","Partiu encher a Caaaaara!"
"COLLECTFULLHERMES_DISC","Collected All Hermes Armor Parts.","Coletou todas as partes da Hermes Armor","Recolectaste todas las partes de la Armadura Hermes.","アーマーパーツＨをすべて入手した","Coletou todas as partes da Hermes Armor"
"COLLECTFULLHERMES_TITLE","Soul Eraser","Apagadores de Almas","Borrador de almas","ソウルイレイザー","Jogo favorito do Pirralho"
"COLLECTFULLICARUS_DISC","Collected All Icarus Armor Parts.","Coletou todas as partes da Icarus Armor.","Recolectaste todas las partes de la Armadura Icarus.","アーマーパーツIをすべて入手した","Coletou todas as partes da Icarus Armor."
"COLLECTFULLICARUS_TITLE","Command Mission","Comandando a Missão","Misión de mando","コマンドミッション","Missão Comando"
"SURFEDONMISSILE_DISC","Surfed through the skies for 6 seconds.","Surfou os céus por 6 segundos.","Surfeaste por los cielos durante 6 segundos.","6秒間　空中サーフィンを遂げた","Fez cosplay de Superman por 6 segundos."
"SURFEDONMISSILE_TITLE","Bomb Rush Cyberfunk","Bomb Rush Cyberfunk","Bomb Rush Cyberfunk","ボムラッシュサイバーファンク","Bomb Rush Cyberfunk"
"DEFEATEDALL_DISC","Defeated all eight Maverick Bosses.","Derrotou os oito Mavericks.","Derrotaste a los 8 Jefes.","イレギュラーボスを8体全員やっつけた","Derrotou os oito Capitães."
"DEFEATEDALL_TITLE","The Orbital Elevator","O Elevador Orbital","El Elevador Orbital","軌道エレベーター","O Morro do Papagaio"
"DEFEATEDANY_DISC","Defeated any of the Maverick Bosses.","Derrotou qualquer um dos Chefes.","Derrotaste a cualquiera de los Jefes.","いずれかのボスを倒した","Derrotou qualquer um dos Capitães."
"DEFEATEDANY_TITLE","New Generation Reploids","A Nova Geração","La Nueva Generación","新世代型レプリロイド","Nova Geração Z"
"GIGACRUSHKILL_DISC","Finished a Boss with Giga Crash.","Finalizou um Chefe usando o Giga Crash.","Derrotaste a un Jefe usando el Giga Crash.","ギガアタックでボスを倒した","Finalizou um Capitão usando o Giga Crash."
"GIGACRUSHKILL_TITLE","Cataclysm","Cataclismo","Cataclismo","大災害","DNV O ZERO MATOU TODO MUNDO?"
"PELEDOSGAMES_DISC","Juggled the Armor well after beating the Boss.","Cabeceou a Armadura bem depois de derrotar o Chefe.","Malabareaste la armadura por un tiempo despues de vencer al jefe.","ボスを撃破した後、朽ちた鎧を蹴って遊んだ","Cabeceou a Armadura bem depois de derrotar o Capitão."
"PELEDOSGAMES_TITLE","Pelé of the Games","Pelé dos Jogos","Pelé de los juegos","サッカーの王様 ペレ","Pelé dos Joojs"
"PERFECTKILL_DISC","Defeated any Boss without using special weapons, without taking damage and without upgrades.","Derrotou qualquer Chefe sem usar armas especiais, melhorias e sem tomar dano.","Derrotaste a cualquier jefe sin usar armas especiales, sin recibir daño y sin mejoras.","特殊武器を使用せず、ダメージを受けず、装備もせずにボスを倒した","Derrotou qualquer Capitão só no limão, sem melhorias e sem tomar chinelada da mãe."
"PERFECTKILL_TITLE","Mark of the Wolves","Marca dos Lobos","La Marca de los lobos","マーク オブ ザ ウルブズ","Can't let you do that, Star Fox"
"XDRIVEDODGE_DISC","Used XDrive during a Desperation Attack.","Usou o XDrive durante um Ataque Desespero.","Usaste XDrive durante un Ataque de Desesperación.","ボスの必殺技の最中にエクスドライブを使用した。","Usou o X DiVE durante um Ataque Desespero."
"XDRIVEDODGE_TITLE","Mark of the Ninja","Marca do Ninja","La marca del Ninja","忍者の印","Uma dadiva dos Ninjas"
"GIGACRUSHKILL_DISC","Finished a Boss with Giga Crash.","Finalizou um Chefe usando o Giga Crash.","Derrotaste a un Jefe usando el Giga Crash.","ギガクラッシュでボスに留めを刺した","Finalizou um Capitão usando o Giga Crash."
"GIGACRUSHKILL_TITLE","Cataclysm","Cataclismo","Cataclismo","大災害","DNV O ZERO MATOU TODO MUNDO?"
"ANTONIONBUSTERONLY_DISC","Defeated Gravity Antonion without using special weapons.","Derrotou Gravity Antonion sem usar armas especiais.","Derrotaste a Gravity Antonion sin utilizar armas especiales.","特殊武器を使わずにグラビテイト・アントニオンを倒した","Derrotou Toninho Tanajura só nos limão."
"ANTONIONBUSTERONLY_TITLE","Don't attach Labels to me","Não anexe Rolutos em mim","No me Pongas Etiquetas","評価に至らなかった","CÊ NÃO TA ME ESCUTANDO NÃO?"
"ANTONIONNAKED_DISC","Defeated Gravity Antonion without equipping any upgrades.","Derrotou Gravity Antonion sem equipar nenhuma melhoria.","Derrotaste a Gravity Antonion sin equipar ninguna mejora.","アーマーを装備せずにグラビテイト・アントニオンを倒した","Derrotou Toninho Tanajura sem equipar nenhuma melhoria."
"ANTONIONNAKED_TITLE","Not after Praise","Não fui feito só para Elogios","No Hecho por Elogios","称賛の後ではない","COMO QUE SAI DESSA POHA?"
"ANTONIONNODAMAGE_DISC","Defeated Gravity Antonion without taking damage.","Derrotou Gravity Antonion sem tomar dano.","Derrotaste a Gravity Antonion sin recibir daño.","ダメージを受けずにグラビテイト・アントニオンを倒した","Derrotou Toninho Tanajura sem tomar chinelada da mãe."
"ANTONIONNODAMAGE_TITLE","An Incredible Scientist","Um Incrivel Cientista","Un Científico Increíble","優秀な研究者","Uma FORMIGA, NÃO UM CIENTISTA CACETE!"
"ANTONIONNOROTATION_DISC","Reached the end of Primrose without rotating the Stage and dying.","Chegou ao final do Laboratório Primula sem girar a fase e nem morrer.","Llegaste al final del nivel Primavera sin voltear el escenario y sin morir.","反重力スイッチを踏まずにプリムローズステージをノーミスで通過した","Chegou ao final do Chorrochó sem girar a fase e nem morrer."
"ANTONIONNOROTATION_TITLE","Portal","Portal","Portal","ポータル","Olá GLaDOS, como vai? :)"
"MANOWARBUSTERONLY_DISC","Defeated Gigabolt Manowar without using special weapons.","Derrotou Gigabolt Manowar sem usar armas especiais.","Derrotaste a Gigabolt Manowar sin usar armas especiales.","特殊武器を使わずにギガボルト・ドクラーゲンを倒した","Derrotou Geléia Manauara só nos limão."
"MANOWARBUSTERONLY_TITLE","I'm in complete control","Estou em controle total","Control de mí mismo","イレギュラーって、なに？","É muito Adulto"
"MANOWARNAKED_DISC","Defeated Gigabolt Manowar without equipping any upgrades.","Derrotou Gigabolt Manowar sem equipar nenhuma melhoria.","Derrotaste a Gigabolt Manowar sin equipar ninguna mejora.","アーマーを装備せずにギガボルト・ドクラーゲンを倒した","Derrotou Geléia Manauara sem equipar nenhuma melhoria."
"MANOWARNAKED_TITLE","Who are you, anyway?","Quem é você afinal?","¿Quién eres Tú?","あんた、だれ?","Quem é tu, Chapa?"
"MANOWARNODAMAGE_DISC","Defeated Gigabolt Manowar without taking damage.","Derrotou Gigabolt Manowar sem tomar dano.","Derrotaste a Gigabolt Manowar sin recibir daño.","ダメージを受けずにギガボルト・ドクラーゲンを倒した","Derrotou Geléia Manauara sem tomar chinelada da mãe."
"MANOWARNODAMAGE_TITLE","Not doing anything wrong","Não estou fazendo nada de errado!","!Haciendo nada malo!","おれ　正しいことしてるよ","Vamos falar de Música"
"MANOWARDOOREXPLODED_DISC","Broke your way through Dynasty.","Destruiu a segunda porta em Usina Dinastia.","Te abriste camino a través de Dinastía.","ダイナスティの2つ目のドアを破壊した","Destruiu a segunda porta em Marginal do Tietê"
"MANOWARDOOREXPLODED_TITLE","Gotta Go Fast","Tenho que ir mais rapido!","¡Es hora de correr!","早く行かなきゃ！","O Bordão mais popular"
"MANTISBUSTERONLY_DISC","Defeated Dark Mantis without using special weapons.","Derrotou Dark Mantis sem usar armas especiais.","Derrotaste a Dark Mantis sin usar armas especiales.","特殊武器を使わずにダークネイド・カマキールを倒した","Derrotou João Grilo so no limão."
"MANTISBUSTERONLY_TITLE","Let my blade show you","Minha lamina lhe demonstrará","Mi cuchilla te lo mostrará","俺の刃がみせてやる！","Sou Bom no meu Trabaio!"
"MANTISNAKED_DISC","Defeated Dark Mantis without equipping any upgrades.","Derrotou Dark Mantis sem equipar nenhuma melhoria.","Derrotaste a Dark Mantis sin equipar ninguna mejora.","アーマーを装備せずにダークネイド・カマキールを倒した","Derrotou João Grilo sem equipar nenhuma melhoria."
"MANTISNAKED_TITLE","Can't go Maverick, Kid","Não somos Mavericks, Pivete","No puedo ser Maverick, Mocoso","イレギュラーになるはできない","Bando de mandado do Estado"
"MANTISNODAMAGE_DISC","Defeated Dark Mantis without taking damage.","Derrotou Dark Mantis sem tomar dano.","Derrotaste a Dark Mantis sin recibir daño.","ダメージを受けずにダークネイド・カマキールを倒した","Derrotou João Grilo sem tomar chinelada da mãe."
"MANTISNODAMAGE_TITLE","Your precious \""Justice\""","Sua preciosa \""Justica\""","Tu preciosa \""Justicia\""","あんたのちっぽけな正義感","Tô trabaiando aqui, Sinhô."
"MANTISLIT_DISC","Put an end to the darkness in Pitch Black.","Pôs um fim a escuridão do Arsenal Soturno.","Pusiste fin a la oscuridad en Oscuridad Total.","ピッチブラックの灯りを点灯した","Pôs um fim a escuridão da Santa Rita do Passa Quatro."
"MANTISLIT_TITLE","Shining In The Darkness","Brilhando na Escuridão","Brillando en la oscuridad","シャイニング・ザ・ダクネス","Liga essa luz carai!"
"MANTISUNDETECTED_DISC","Avoided all Seachlights in Pitch Black.","Não foi detectado pelas luzes em Arsenal Soturno.","Evitar todas las luces de búsqueda en Oscuridad Total.","ピッチブラックのスポットライトを全部逃れた","Não foi detectado pelas luzes em Santa Rita do Passa Quatro......anh?"
"MANTISUNDETECTED_TITLE","Shadow Tactics","Táticas Sombrias","Tácticas de sombra","影の戦術","Meu nome é Sombra"
"PANDABUSTERONLY_DISC","Defeated Bamboo Pandamonium without using special weapons.","Derrotou Bamboo Pandamonium sem usar armas especiais.","Derrotaste a Bamboo Pandamonium sin usar armas especiales.","特殊武器を使わずにバンブー・パンデモニウムを倒した","Derrotou E o Bambú? só no limão."
"PANDABUSTERONLY_TITLE","Sole purpose to Destroy","Único propósito de Destruir","Único propósito es destruir","破壊することが唯一の目的だ","O Peso e o significado dos Problemas"
"PANDANAKED_DISC","Defeated Bamboo Pandamonium without equipping any upgrades.","Derrotou Bamboo Pandamonium sem equipar nenhuma melhoria.","Derrotaste a Bamboo Pandamonium sin equipar ninguna mejora.","アーマーを装備せずにバンブー・パンデモニウムたを倒した","Derrotou E o Bambú? sem equipar nenhuma melhoria."
"PANDANAKED_TITLE","We are forced to Fight","Por isso, somos Forçados","Estamos obligados a Luchar","僕たちは戦わざるを得ない","Caros Amigos......"
"PANDANODAMAGE_DISC","Defeated Bamboo Pandamonium without taking damage.","Derrotou Bamboo Pandamonium sem tomar dano.","Derrotaste a Bamboo Pandamonium sin recibir daño.","ダメージを受けずにバンブー・パンデモニウムを倒した","Derrotou E o Bambú? sem tomar chinelada da mãe."
"PANDANODAMAGE_TITLE","Never thought yourself?","Nunca se questionou?","¿Nunca Pensaste por ti mismo?","考えたことがないのか","Prática Cotidiana"
"PANDARIDEREACHED_DISC","Reached the end of Booster Forest with the Ride Armor Cyclops.","Chegou ao final da Floresta Ergânica com a Ride Armor Cyclops.","Llegaste al final del Bosque Amplificador con el Cíclope.","「サイクロプス」を操縦したままブースターズ・フォレストの終点に到達した","Chegou ao final do Paudalho com a Jean Grey."
"PANDARIDEREACHED_TITLE","Probotector","Probotector","Probotector","プロボテクター","El Contra del Europe"
"ROOSTERBUSTERONLY_DISC","Defeated Burn Rooster without using special weapons.","Derrotou Burn Rooster sem usar armas especiais.","Derrotaste a Burn Rooster sin usar armas especiales.","特殊武器を使わずにバーン・コケコッカーを倒した","Derrotou Frango de Padaria só no Limão"
"ROOSTERBUSTERONLY_TITLE","The Price I have to pay","O preço a ser Pago","El precio a pagar","利用？構わんさ。","DEIXA EU TE DAR UMA AMOSTRA GRATIS!"
"ROOSTERNAKED_DISC","Defeated Burn Rooster without equipping any upgrades.","Derrotou Burn Rooster sem equipar nenhuma melhoria.","Derrotaste a Burn Rooster sin equipar mejoras.","アーマーを装備せずにバーン・コケコッカーを倒した","Derrotou Frango de Padaria sem equipar nenhuma melhoria."
"ROOSTERNAKED_TITLE","Labeled Maverick","Julgado como um Maverick","Juzgado como Maverick","イレギュラー呼ばわりされた","GILSON!"
"ROOSTERNODAMAGE_DISC","Defeated Burn Rooster without taking damage.","Derrotou Burn Rooster sem tomar dano.","Derrotaste a Burn Rooster sin recibir daño.","ダメージを受けずにバーン・コケコッカーを倒した","Derrotou Frango de Padaria sem tomar chinelada da mãe."
"ROOSTERNODAMAGE_TITLE","This is no ordinary Riot","Não é uma Revolta qualquer","No es un Motín cualquiera","暴動？ちがうね！","MOMENTO QUEIMANDO ATÉ O CHÃO!!!!!!!!"
"ROOSTERFROZEN_DISC","Stopped the Lava Wall at Inferno.","Parou a lava em Incinerador Inferno","Detuviste la Pared de Lava en el Incinerador Inferno.","ドロップデッドで溶岩の激流を阻止した","Parou a lava na Favela do Gato Morto"
"ROOSTERFROZEN_TITLE","Hades","Hades","Hades","ハデス","Ué, meu cabelo apagou?"
"SUNFLOWERBUSTERONLY_DISC","Defeated Optic Sunflower without using special weapons.","Derrotou Optic Sunflower sem usar armas especiais.","Derrotaste a Optic Sunflower sin usar armas especiales.","特殊武器を使わずにオプティック・サンフラワードを倒した","Derrotou Óleo de Girassol só no Limão."
"SUNFLOWERBUSTERONLY_TITLE","No one can control us","Ninguem pode nos controlar","Nadie puede controlarnos","我々は誰にも操られたりはしない","Segue o Baile né, fazer o que"
"SUNFLOWERNAKED_DISC","Defeated Optic Sunflower without equipping any upgrades.","Derrotou Optic Sunflower sem equipar nenhuma melhoria.","Derrotaste a Optic Sunflower sin equipar mejoras.","アーマーを装備せずにオプティック・サンフラワードーを倒した","Derrotou Óleo de Girassol sem equipar nenhuma melhoria."
"SUNFLOWERNAKED_TITLE","We're no Monsters","Não somos Monstros","No somos Monstruos","我々は怪物ではない","No fundo, é a mesma Bosta"
"SUNFLOWERNODAMAGE_DISC","Defeated Optic Sunflower without taking damage.","Derrotou Optic Sunflower sem tomar dano.","Derrotaste a Optic Sunflower sin recibir daño.","ダメージを受けずにオプティック・サンフラワードを倒した","Derrotou Óleo de Girassol sem tomar chinelada da mãe."
"SUNFLOWERNODAMAGE_TITLE","What we're after","O que estamos indo atrás","Lo que buscamos","何を目指しているのか","Mesmo Plot de sempre"
"SUNFLOWERGOTSSSRANK_DISC","Got S Rank in all challenges in a single run.","Conseguiu Rank S em todos os desafios de uma vez só.","Obtuvo el rango S en todos los desafíos en una sola partida.","全ての試練を一回の試歩でＳランクを獲得した","Conseguiu Rank S em todos os desafios de uma vez só. Slk brabo demais, aposto que foi facinho, kek."
"SUNFLOWERGOTSSSRANK_TITLE","Gravity Circuit","Circuito de Gravidade","Circuito de gravedad","グラビティ サーキット","Repita comigo: NÃO, É, UM, PLAGIO!"
"TRILOBYTEBUSTERONLY_DISC","Defeated Earthrock Trilobyte without using special weapons.","Derrotou Earthrock Trilobyte sem usar armas especiais.","Derrotaste a Earthrock Trilobyte sin usar armas especiales.","特殊武器を使わずにアースロック・トリロビッチを倒した","Derrotou Tatuzinho de Jardim só no Limão."
"TRILOBYTEBUSTERONLY_TITLE","The Ore we mine","Os Minerios que extraimos","El Mineral que Extraemos","ここで掘っている鉱物","O Besouro que extraimos"
"TRILOBYTENAKED_DISC","Defeated Earthrock Trilobyte without equipping any upgrades.","Derrotou Earthrock Trilobyte sem equipar nenhuma melhoria.","Derrotaste a Earthrock Trilobyte sin equipar ninguna mejora.","アーマーを装備せずにアースロックト・リロビッチを倒した","Derrotou Tatuzinho de Jardim sem equipar nenhuma melhoria."
"TRILOBYTENAKED_TITLE","Old heaps of Junk","Velhos montes de Sucata","Viejos Montones de Basura","旧世代のポンコツ","Velhos montes de Besouros"
"TRILOBYTENODAMAGE_DISC","Defeated Earthrock Trilobyte without taking damage.","Derrotou Earthrock Trilobyte sem tomar dano.","Derrotaste a Earthrock Trilobyte sin recibir daño.","ダメージを受けずにアースロック・トリロビッチを倒した","Derrotou Tatuzinho de Jardim sem tomar chinelada da mãe."
"TRILOBYTENODAMAGE_TITLE","Brainless Maverick Hunter","Caçador Desmiolado","Cazador de Mavericks sin Cerebro","のうなしのイレギュラーハンター","Besouro Desmiolado"
"YETIBUSTERONLY_DISC","Defeated Avalanche Yeti without using special weapons.","Derrotou Avalanche Yeti sem usar armas especiais.","Derrotaste a Avalanche Yeti sin usar armas especiales.","特殊武器を使わずにアイスノー・イエティンガーを倒した","Derrotou Aval Lanches e Veti só no Limão."
"YETIBUSTERONLY_TITLE","It's too late...","É tarde demais...","Es demasiado tarde...","もう手遅れだ…","UGA UGA! BUGA!"
"YETINAKED_DISC","Defeated Avalanche Yeti without equipping any upgrades.","Derrotou Avalanche Yeti sem equipar nenhuma melhoria.","Derrotaste a Avalanche Yeti sin equipar ninguna mejora.","アーマーを装備せずにアイスノー・イエティンガーを倒した","Derrotou Aval Lanches e Veti sem equipar nenhuma melhoria."
"YETINAKED_TITLE","You Old model Reploids","Seus Reploids de modelo antigo","Reploides de modelo viejo","お前たち旧世代","LIVRE ESTOOOOU! LIVRE ESTOOOOU!"
"YETINODAMAGE_DISC","Defeated Avalanche Yeti without taking damage.","Derrotou Avalanche Yeti sem tomar dano.","Derrotaste a Avalanche Yeti sin recibir daño.","ダメージを受けずにアイスノー・イエティンガーを倒した","Derrotou Aval Lanches e Veti sem tomar chinelada da mãe."
"YETINODAMAGE_TITLE","Puny Maverick Hunter","Caçador de Mavericks fraco","Cazador Insignificante","ちっぽけなイレギュラーハンター","Não quero roubar calebeira de ninguem não oxi!"
"YETIDOOREXPLODED_DISC","Broke your way through Central White.","Destruiu a primeira porta na Central Alva.","Abriste camino a través de Central Alba.","セントラルホワイトを貫通した","Destruiu a primeira porta no Trombudo Central."
"YETIDOOREXPLODED_TITLE","Sonic Drive","Sonic Drive","Sonic Drive","ソニックドライブ","Sonic Thrust!"
"VILEJAKOBBUSTERONLY_DISC","Defeated Vile without using special weapons.","Derrotou Vile sem usar armas especiais.","Derrotaste a Vile sin usar armas especiales.","特殊武器を使わずにVAVAを倒した","Derrotou Vile só no Limão."
"VILEJAKOBBUSTERONLY_TITLE","Piecing it Together","Encaixando as Peças","Uniéndolo T]odo","気が付かんのか？","Brasil Descoberto!"
"VILEJAKOBNAKED_DISC","Defeated Vile without equipping any upgrades.","Derrotou Vile sem equipar nenhuma melhoria.","Derrotaste a Vile sin equipar ninguna mejora.","アーマーを装備せずにVAVAを倒した","Derrotou Vile sem equipar nenhuma melhoria."
"VILEJAKOBNAKED_TITLE","For a World that's Doomed","Por um Mundo que está se despedaçando","Por un mundo condenado","滅びゆく世界のために","Subindo a pé... porque sim."
"VILEJAKOBNODAMAGE_DISC","Defeated Vile without taking damage.","Derrotou Vile sem tomar dano.","Derrotaste a Vile sin recibir daño.","ダメージを受けずにVAVAを倒した","Derrotou Vile sem tomar chinelada da mãe."
"VILEJAKOBNODAMAGE_TITLE","At times like this","Em tempos assim","En momentos como este","こんな時に….","Mais Inteligente que um Jegue"
"VILEDEFEATEDTWICE_DISC","Defeated Vile twice.","Derrotou Vile duas vezes.","Derrotaste a Vile dos veces.","VAVAを2回目で倒した","Derrotou Vile duas vezes."
"VILEDEFEATEDTWICE_TITLE","Our little Reunion","Nosso momento juntos","Nuestra pequeña reunión","再開を楽しませろ！","Chegue mais e me dê um abraço"
"VILEDEVILBEARDEFEATED_DISC","Defeated Devil Bear before finishing the battle.","Derrotou Devil Bear antes de terminar a luta.","Derrotaste a Devil Bear antes de terminar la batalla.","VAVAを撃破する前にデビルベアを破壊した","Derrotou Urso Diabo antes de terminar a luta."
"VILEDEVILBEARDEFEATED_TITLE","Steel Assault","Assalto de Aço","Asalto de acero","スティールアサルト","Que DIABO de URSO é esse afinal?"
"VILEJAKOBDEFEATED_DISC","Defeated Vile at the top of the Orbital Elevator.","Derrotou Vile no topo do Elevador Orbital.","Derrotaste a Vile en la cima del Elevador Orbital.","軌道エレベーターでVAVAを倒した","Derrotou Vile no topo do Morro do Papagaio."
"VILEJAKOBDEFEATED_TITLE","The route to Space","A rota para o Espaço","La ruta al Espacio","宇宙への通路","O Cabra mais Esperto do Nordeste"
"VILESIGMADEFEATED_DISC","Defeated Vile at Sigma Palace.","Derrotou Vile no Palácio de Sigma.","Derrotaste a Vile en el Palacio de Sigma.","シグマパレスでVAVAを倒した","Derrotou Vile na Rolândia."
"VILESIGMADEFEATED_TITLE","Hope remains","Ainda há Esperança","Hay Esperanza","望みはある！","Ainda há Esperança de Jogo novo.....né?"
"GATEWAYFIESTA_DISC","Survived through the hardest challenge in Gateway.","Sobreviveu ao desafio mais difícil do Satélite de Acesso.","Sobreviviste al desafío más difícil en el Satélite de Acceso.","ゲートウェイのさいなんかんにごうかく","Sobreviveu ao desafio mais difícil do Arroio dos Ratos."
"GATEWAYFIESTA_TITLE","Desperados","Desperados","Desperados","自暴自棄","TA NA HORA DO PAAAAAAAAAAU!"
"COPYBUSTERONLY_DISC","Defeated the Impostor without using special weapons.","Derrotou o Impostor sem usar armas especiais.","Derrotaste al Impostor sin utilizar armas especiales.","特殊武器を使わずにコピーシグマを倒した","Derrotou o Impostor só no Limão."
"COPYBUSTERONLY_TITLE","Your world has Decayed","Seu mundo já decaiu","Tu mundo ha decaído","世界は既に崩壊している","Ficou convincente?"
"COPYNAKED_DISC","Defeated the Imposter without equipping any upgrades.","Derrotou o Impostor sem equipar nenhuma melhoria.","Derrotaste al Impostor sin equipar ninguna mejora.","アーマーを装備せずにコピーシグマを倒した","Derrotou o Impostor sem equipar nenhuma melhoria."
"COPYNAKED_TITLE","Put a stop to what?","Por um fim em quê?","¿Detener qué?","次は我らの手にある","Testando esse Cosplay"
"COPYNODAMAGE_DISC","Defeated the Imposter without taking damage.","Derrotou o Impostor sem tomar dano.","Derrotaste al Impostor sin recibir daño.","ダメージを受けずにコピーシグマを倒した","Derrotou o Impostor sem tomar chinelada da mãe."
"COPYNODAMAGE_TITLE","I am indeed Sigma","Sou de fato Sigma","Yo soy en efecto Sigma.","いかにも、私はシグマだ","Com certeza, Eu sou o Cigma!"
"COPYDEFEATED_DISC","Defeated the Impostor.","Derrotou o Impostor.","Derrotaste al Impostor.","コピーシグマを倒した","Derrotou o Impostor."
"COPYDEFEATED_TITLE","Time for our Final Showdown","Hora do nosso Confronto Final","Hora de nuestro Enfrentamiento Final","決着をつけるとしよう","Modo Cosplay: ATIVAR!"
"SIGMANAKED_DISC","Defeated Sigma without equipping any upgrades.","Derrotou Sigma sem equipar nenhuma melhoria.","Derrotaste a Sigma sin equipar mejoras.","アーマーを装備せずにコピーシグマを倒した","Derrotou Sigma sem equipar nenhuma melhoria."
"SIGMANAKED_TITLE","Ruler of the New World","Governante do Novo Mundo","Gobernante del Nuevo Mundo","新たな世界の支配者","Corno Manço"
"SIGMANODAMAGE_DISC","Defeated Sigma without taking damage.","Derrotou Sigma sem tomar dano.","Derrotaste a Sigma sin recibir daño.","ダメージを受けずにコピーシグマを倒した","Derrotou Sigma sem tomar chinelada da mãe."
"SIGMANODAMAGE_TITLE","Our Meeting was Fated","Nosso encontro estava fadado a acontecer","Nuestro Encuentro estaba Destinado","我らの出会いは、この時のため","O Sigma foi fumado? Fazer o que né"
"LUMINENAKED_DISC","Defeated the Final Boss without equipping any upgrades.","Derrotou o Chefe Final sem equipar nenhuma melhoria.","Derrotaste al Jefe Final sin equipar ninguna mejora.","アーマーを装備せずにラスボスを倒した","Derrotou o Chefe Final sem equipar nenhuma melhoria."
"LUMINENAKED_TITLE","I supose you're satisfied","Suponho que esteja satisfeito","Supongo que estás satisfecho.","あなたも満足でしょう？","Bom Dia"
"LUMINENODAMAGE_DISC","Defeated the Final Boss without taking damage.","Derrotou o Chefe Final sem tomar dano.","Derrotaste al Jefe Final sin recibir daño.","ダメージを受けずにラスボスを倒した","Derrotou o Chefe Final sem tomar chinelada da mãe."
"LUMINENODAMAGE_TITLE","Of course I'm Ok","Mas é claro que estou bem","¿Si estoy bien? Por supuesto.","無事？もちろんですよ。","Funcionando a base do ChatGPT 3.0"
"SERAPHNAKED_DISC","Defeated the Final Boss Second Phase without equipping any upgrades.","Derrotou a Segunda Forma do Chefe Final sem equipar nenhuma melhoria.","Derrotaste la Segunda Fase del Jefe Final sin equipar ninguna mejora.","アーマーを装備せずにラスボスの第二形態を倒した","Derrotou a Segunda Forma do Chefe Final sem equipar nenhuma melhoria."
"SERAPHNAKED_TITLE","Do you have what it takes?","Tem o que é necessario?","¿Tienes lo necesario?","わたしたちがうてますか？","Compre mais creditos para continuar essa Conversa"
"SERAPHNODAMAGE_DISC","Defeated the Final Boss Second Phase without taking damage.","Derrotou a Segunda Forma do Chefe Final sem tomar dano.","Derrotaste la Segunda Fase del Jefe Final sin recibir daño.","ダメージを受けずにラスボスの第二形態を倒した","Derrotou a Segunda Forma do Chefe Final sem tomar chinelada da mãe."
"SERAPHNODAMAGE_TITLE","Accursed Cycle of Aggression","Ciclo amaldiçoado de Agressão","Maldito ciclo de Agresión","忌々しい戦いの繰り返し","O Pronunciamento do meu Foda-se"
"SERAPHDEFEATED_DISC","Beat the game.","Finalizou o jogo.","Terminaste el juego.","ゲームをクリアした","Finalizou essa poha toda."
"SERAPHDEFEATED_TITLE","Tools of the Old World","Ferramentas do Velho Mundo","Herramientas del Viejo Mundo","古い世界の道具","CHATGPT 3.0 AGRADECE POR JOGAR ESSE JOGO :D"
"SECRET1DEFEATED_DISC","Defeated the Secret Boss.","Derrotou o Chefe Secreto.","Derrotaste al Jefe Secreto.","裏ボス①を倒した","Derrotou o Chefe Secreto."
"SECRET1DEFEATED_TITLE","Corridors of Time","Corredores do Tempo","Corredores del Tiempo","時の回路","Jan Quem Pou!"
"SECRET2DEFEATED_DISC","Defeated Secret Boss #2.","Derrotou o Chefe Secreto #2.","Derrotaste al Jefe Secreto #2","裏ボス②を倒した","Derrotou o Chefe Secreto #2."
"SECRET2DEFEATED_TITLE","Cycle of the Six Existences","Ciclo das Seis Existências","Ciclo de las Seis Existencias","六道輪廻","Ciclo dos Seis Battle Networks"
"SECRET3DEFEATED_DISC","Defeated Secret Boss #3.","Derrotou o Chefe Secreto #3.","Derrotaste al Jefe Secreto #3.","裏ボス③を倒した","Derrotou o Chefe Secreto #3."
"SECRET3DEFEATED_TITLE","Dual Destinies","Caminhos Cruzados","Dual Destinies","運命の対決","EICI ANTÔNIO!!!"
"COLLECTBLACKZERO_TITLE","Maverick's Worst Nightmare","O Pior Pesadelo dos Mavericks","La peor pesadilla de los Mavericks","イレギュラーの天敵","Nightshade Armor é o Caralho!"
"COLLECTBLACKZERO_DISC","Unlock Black Armor. Go, my greatest Masterpiece, you are the strongest robot of all.","Desbloqueou a Armadura Preta. Vá, minha maior obra-prima, você é o robô mais forte de todos.","Armadura Negra desbloqueada. Ve, mi mayor obra maestra, eres el robot más fuerte de todos.","ブラックアーマーを解禁した。 行け、ゼロ！おまえこそが最強のロボットじゃ!","Desbloqueou o seu lado Edge da vida, agora vá e torne-se a forma de vida suprema......não pera."
"COLLECTWHITEAXL_TITLE","Unknown Power","Poder Desconhecido","Poder Desconocido","未詳のパワー","Lumine habita nesse pivete >:)"
"COLLECTWHITEAXL_DISC","Unlock White Armor. Despite everything, it is still you......right?","Desbloqueou a Armadura Branca. Apesar de tudo, ainda continua sendo você...........Certo?","Armadura blanca desbloqueada. A pesar de todo, sigues siendo tú... ¿Si?","ホワイトアーマーを解禁した。とにかく、おまえ...だよな？","Desbloqueou a Armadura Branquela. Será que agora você tambem tem genero duvidoso?"
"COLLECTULTIMATEX_TITLE","For Everlasting Peace","Pela Paz Eterna","Por la Paz Eterna","永久の平和の為に","Ah Fouda-si meu >:3"
"COLLECTULTIMATEX_DISC","Unlock the Ultimate Armor. Go now Maverick Hunter, you are humanity's last hope.","Desbloqueou a Ultimate Armor. Vá agora Maverick Hunter, você é a última esperança da humanidade.","Desbloqueaste la Ultimate Armor. Ve ahora Maverick Hunter, eres la última esperanza de la humanidad.","アルティメットアーマーを解禁した。行け、X！おまえは人類最後の希望じゃ！","Desbloqueou a Ultimate Armor. Dane-se o jogo literalmente kkkkk, Nova Strike em todo mundo e fim de papo. GGs"
"ZERODEFEATED_DISC","Defeat Zero in his awakened Form.","Derrote Zero na sua forma Despertada","Derrotó a Zero en su forma despierta.","覚醒ゼロを倒した","Derrotou o Zero em Esteroides, mas você ainda continua não tendo cabelo só pra avisar."
"ZERODEFEATED_TITLE","The Decisive Battle","A Batalha Decisiva","La batalla decisiva","大決戦","Porra Zero, DE NOVO ISSO?"
"STAGE_DC","Stage","Fase","Nivel","ステージ","Engenho"
"BOSS_DC","Boss","Chefe","Jefe","ボス","Capitão do Mato"
"COMPLETION_DC","Completed","Concluído","Completado","COMPLETE","Paradas Pegadas"
"NOAHSPARK_STAGE","Noah's Park","Parque de Noé","Parque de Noah","ノアズ・パーク","Amazônia"
"NOAHSPARK_NAME","King Crabs-Y","King Crabs-Y","King Crabs-Y","キングークラブズ－Ｙ","Garras do Bicho Papão"
"SUNFLOWER_STAGE","Troia Base","Base Troia","Base Troia","トロイア・ベース","Anta Gorda"
"SUNFLOWER_NAME","Optic Sunflower","Optic Sunflower","Optic Sunflower","Optic Sunfloward","Óleo de Girassol"
"ANTONION_STAGE","Primrose","Laboratório Primula","Laboratorio Primavera","プリムローズ","Chorrochó"
"ANTONION_NAME","Gravity Antonion","Gravity Antonion","Gravity Antonion","Gravitate Ant-Onion","Toninho Tanajura"
"MANTIS_STAGE","Pitch Black","Arsenal Soturno","Oscuridad Total","ピッチ・ブラック","Santa Rita do Passa Quatro"
"MANTIS_NAME","Dark Mantis","Dark Mantis","Dark Mantis","Darkneid Kamakil","João Grilo"
"MANOWAR_STAGE","Dynasty","Usina Dinastia","Dinastía","ダイナスティ","Marginal do Tietê"
"MANOWAR_NAME","Gigabolt Manowar","Gigabolt Manowar","Gigabolt Manowar","Gigabolt Dokragen","Geléia Manauara"
"PANDA_STAGE","Booster Forest","Floresta Ergânica","Bosque Amplificador","ブースターズ・フォレスト","Paudalho"
"PANDA_NAME","Bamboo Pandamonium","Bamboo Pandamonium","Bamboo Pandamonium","Bamboo Pandamonium","E o Bambú?"
"TRILOBYTE_STAGE","Metal Valley","Vale do Metal","Valle de Metal","メタル・バレー","Caucaia"
"TRILOBYTE_NAME","Earthrock Trilobyte","Earthrock Trilobyte","Earthrock Trilobyte","Earthrock Torirovich","Tatuzinho de Jardim"
"YETI_STAGE","Central White","Central Alva","Central Alba","セントラル・ホワイト","Trombudo Central"
"YETI_NAME","Avalanche Yeti","Avalanche Yeti","Avalanche Yeti","Ice-Snow Yetinger","Aval Lanches e Vet."
"ROOSTER_STAGE","Inferno","Incinerador Inferno","Incinerador Infierno","ドロップ・デッド","Favela do Gato Morto"
"ROOSTER_NAME","Burn Rooster","Burn Rooster","Burn Rooster","Burn Kokekokker","Frango de Padaria"
"JAKOB_STAGE","Jakob Elevator","Elevador Orbital Jakob","Elevador Orbital Jakob","ヤコブ軌道エレベーター","Morro do Papagaio"
"GATEWAY_STAGE","Gateway","Satélite de Acesso","Satélite de Acceso","ゲートウェイ","Arroio dos Ratos"
"SIGMA_STAGE","Sigma Palace","Palácio Lunar Sigma","Palacio de Sigma","シグマ・パレス","Rolândia"
"HERMESHEAD1","X... I thought something like this might happen someday, so I've prepared parts for you.","X... Imaginei que algo assim poderia acontecer, então preparei partes para você.","X... Pensé que algo así podría suceder algún día, así que he preparado partes para ti.","エックスよ、こんなこともあろうかとお前にパワーアップパーツを用意しておいた","X... Eu acho que exagerei, no tanto de cápsulas que escondi desta vez."
"HERMESHEAD2","This time, I want you to try Head Parts H.","Desta vez, quero que teste este capacete... Head Parts H.","Esta vez, quiero que pruebes las Partes de Cabeza H.","今回お前に渡すのは、ヘッドパーツHじゃ","Desta vez fiz algo que dá certin... Par de Chifres H."
"HERMESHEAD3","This part will increase your weapons' charge speed when equipped.","Este capacete irá acelerar o tempo de carregamento dos tiros da sua Buster e suas armas especiais.","Este casco aumentará la velocidad de carga de tu Buster cuando esté equipado.","このパーツを装備すれば、チャージのスピードを速めることができるのじゃ","Este capacete irá acelerar o tempo de carregamento do seus arrotos."
"HERMESHEAD4","Board the capsule to equip this new ability, X.","Entre na cápsula para equipar esta nova habilidade, X.","Entra a la cápsula para equipar esta nueva habilidad, X.","この能力を装備したければカプセルに入るがよい","Vô lá que a chuva vêm aí e minhas roupas tão no varal."
"HERMESBODY1","X... I thought something like this might happen someday, so I've prepared parts for you.","X... Imaginei que algo assim poderia acontecer, então preparei partes para você.","X... Pensé que algo así podría suceder algún día, así que he preparado partes para ti.","エックスよ、こんなこともあろうかとお前にパワーアップパーツを用意しておいた","X... Eu acho que exagerei, no tanto de cápsulas que escondi desta vez."
"HERMESBODY2","Here... Try Body Parts H.","Aqui está... Este peitoral chama-se Body Parts H.","Toma...  Este peto es la Parte de Cuerpo H.","今回お前に渡すいのは、ボディパーツHじゃ","Pegue na minha parte... Petcholas H."
"HERMESBODY3","With this part equipped, you will be able to heal damage taken by hitting or destroying enemies.","Com esta parte equipada você será capaz de recuperar vida ao acertar um inimigo logo após receber dano.","Con esta parte equipada, podrás curar el daño recibido golpeando o destruyendo enemigos con tu Buster.","このパーツを装備すれば、受けた分のダメージを敵に与える攻撃で回復することができるのじゃ","Com esta parte equipada você será capaz de imitar a mesma função que a Grab Buster.... Ah não pera, a gente ta no seculo 22, eu esqueci."
"HERMESBODY4","Board the capsule to equip this new ability, X.","Entre na cápsula para equipar esta nova habilidade, X.","Entra a la cápsula para equipar esta nueva habilidad, X.","この能力を装備したければカプセルに入るがよい","Vô lá que a chuva vêm aí e minhas roupas tão no varal."
"HERMESARMS1","X... I thought something like this might happen someday, so I've prepared parts for you.","X... Imaginei que algo assim poderia acontecer, então preparei partes para você.","X... Pensé que algo así podría suceder algún día, así que he preparado partes para ti.","エックスよ、こんなこともあろうかとお前にパワーアップパーツを用意しておいた","X... Eu acho que exagerei, no tanto de cápsulas que escondi desta vez."
"HERMESARMS2","Here, try these Buster Parts H.","Teste esse canhão... Buster Parts H.","Toma, prueba estas Partes de Buster H.","今回お前に渡すいのは、アームパーツHじゃ","Pegue na minha parte... Berro H."
"HERMESARMS3","Equipping this part will grant you a Spread Shot Charge Attack.","Equipar esta parte lhe dará acesso a um poderoso Tiro Carregado que se propaga em três direções.","Al equipar esta parte, obtendrás un Ataque Cargado de Disparo Amplio.","このパーツを装備すれば、拡散トリプルチャージ攻撃が可能になるじゃ","Equipar esta parte lhe dará acesso a um poderoso Arroto Carregado que se propaga em três direções."
"HERMESARMS4","Your weapons will also not consume energy when fired, except when you perform a Charge Shot.","Além disso, suas Armas não consomem energia quando disparadas, exceto quando você usar um Tiro Carregado.","Tus armas tampoco consumirán energía al disparar, excepto cuando realices un Disparo Cargado.","また、発射された武器はエネルギーを消費しない。 チャージしない限りじゃがな","Além disso, suas Armas não consomem energia quando disparadas, exceto quando você usar um Mijão Carregado."
"HERMESARMS5","Board the capsule to equip this new ability, X.","Entre na cápsula para equipar esta nova habilidade, X.","Entra a la cápsula para equipar esta nueva habilidad, X.","この能力を装備したければカプセルに入るがよい","Vô lá que a chuva vêm aí e minhas roupas tão no varal."
"HERMESLEGS1","X... I thought something like this might happen someday, so I've prepared parts for you.","X... Imaginei que algo assim poderia acontecer, então preparei partes para você.","X... Pensé que algo así podría suceder algún día, así que he preparado partes para ti.","エックスよ、こんなこともあろうかとお前にパワーアップパーツを用意しておいた","X... Eu acho que exagerei, no tanto de cápsulas que escondi desta vez."
"HERMESLEGS2","Try out these Foot Parts H.","Teste essas botas... Foot Parts H.","Toma, prueba estas Parte de Botas H.","今回お前に渡すいのは、フットパーツHじゃ","Teste esses Saltos H."
"HERMESLEGS3","It will grant your dash invincibility to enemy attacks, both on ground and in the air.","Elas lhe concederão invencibilidade total a ataques inimigos durante o Dash no ar e no chão.","Durante el Dash te dara invencibilidad contra los ataques enemigos, tanto en tierra como en el aire.","このパーツを装備すれば、ダッシュ時に敵の攻撃に対して無敵になる。ただし、地上にいる間のみじゃ","Elas lhe concederão invencibilidade durante o Dash no ar e no chão. Agora você não vai mais levar anti aéreos, caramba c tem que aprender a pular menos hein fi."
"HERMESLEGS4","Board the capsule to equip this new ability, X.","Entre na cápsula para equipar esta nova habilidade, X.","Entra a la cápsula para equipar esta nueva habilidad, X.","この能力を装備したければカプセルに入るがよい","Vô lá que a chuva vêm aí e minhas roupas tão no varal."
"ICARUSHEAD1","X... I thought something like this might happen someday, so I've prepared parts for you.","X... Imaginei que algo assim poderia acontecer, então preparei partes para você.","X... Pensé que algo así podría suceder algún día, así que he preparado partes para ti.","エックスよ、こんなこともあろうかとお前にパワーアップパーツを用意しておいた","X... Eu acho que exagerei, no tanto de cápsulas que escondi desta vez."
"ICARUSHEAD2","Here you are... Head Parts I.","Tome este capacete... Head Parts I.","Aqui tienes... Partes de Cabeza I.","今回お前に渡すのは、ヘッドパーツIじゃ","Adorne sua cabeça com esse Par de Chifres I."
"ICARUSHEAD3","With this part equipped, you will cause damage to enemies by jumping near them.","Com esta parte equipada você causará dano ao pular próximo de inimigos.","Con esta parte equipada, causarás daño a los enemigos al saltar cerca de ellos.","このパーツを装備すれば、ジャンプ中、敵に頭突きをしてダメージを与えることができるのじゃ","Com esta parte equipada você causará dano ao meter chifradas próximo de inimigos."
"ICARUSHEAD4","Board the capsule to equip this new ability, X.","Entre na cápsula para equipar esta nova habilidade, X.","Entra a la cápsula para equipar esta nueva habilidad, X.","この能力を装備したければカプセルに入るがよい","Vô lá que a chuva vêm aí e minhas roupas tão no varal."
"ICARUSBODY1","X... I thought something like this might happen someday, so I've prepared parts for you.","X... Imaginei que algo assim poderia acontecer, então preparei partes para você.","X... Pensé que algo así podría suceder algún día, así que he preparado partes para ti.","エックスよ、こんなこともあろうかとおまえにパワーアップパーツを用意しておいた","X... Eu acho que exagerei, no tanto de cápsulas que escondi desta vez."
"ICARUSBODY2","This time, I want you to try out Body Parts I.","Desta vez, quero que teste este peitoral... Body Parts I.","Esta vez, quiero que pruebes las Partes de Cuerpo I.","今回お前に渡すのは、ボディパーツIじゃ","Acho que você vai ficar lindo vestindo essa Petcholas I."
"ICARUSBODY3","If you equip this, you will take less damage than you normally would, and enemies will not be able to knock you back.","Se você equipar esta parte receberá menos dano do que o normal e inimigos não poderão lhe empurrar.","Si equipas esto, recibirás menos daño de lo normal, y los enemigos no podrán empujarte hacia atrás.","このパーツを装備すれば、受けたダメージを半減させることができるのじゃ。そして、お前は敵にノックバックされなくなる","Se você equipar esta parte receberá menos dano do que o normal e vai ter uma Super Armor fudidamente boa pra krl."
"ICARUSBODY4","Board the capsule to equip this new ability, X.","Entre na cápsula para equipar esta nova habilidade, X.","Entra a la cápsula para equipar esta nueva habilidad, X.","この能力を装備したければカプセルに入るがよい","Vô lá que a chuva vêm aí e minhas roupas tão no varal."
"ICARUSARMS1","X... I thought something like this might happen someday, so I've prepared parts for you.","X... Imaginei que algo assim poderia acontecer, então preparei partes para você.","X... Pensé que algo así podría suceder algún día, así que he preparado partes para ti.","エックスよ、こんなこともあろうかとお前にパワーアップパーツを用意しておいた","X... Eu acho que exagerei, no tanto de cápsulas que escondi desta vez."
"ICARUSARMS2","I have new parts for you... They're Buster Parts I.","Tenho um novo canhão para você... Buster Parts I.","Tengo nuevas partes para ti... Partes de Buster I.","今回お前に渡すのは、アームパーツIじゃ","Arranjei esse berro I pra você com um desconto outro dia."
"ICARUSARMS3","Equip this part, and you'll gain the ability to fire a powerful Laser Charge Shot.","Equipando esta parte você ganhará a habilidade de atirar um poderoso Tiro Carregado em forma de laser.","Equipa esta parte y obtendrás la habilidad de disparar un potente Disparo Cargado de Láser.","このパーツを装備すれば、強力なレーザーチャージ攻撃が可能になるのじゃ","Equipando esta parte você ganhará a habilidade de atirar um poderoso Mijão Carregado em forma de laser."
"ICARUSARMS4","Also, when using your special weapons when you Charge them, they will not consume energy.","Além disso, ao utilizar as suas Armas especiais quando carregadas, elas não irão consumir energia.","Además, el Disparo Cargado de tus armas no consumirá energía.","しかも、特殊武器のチャージ攻撃を使ってもエネルギーは消費されなくなるのじゃ","Além disso, ao utilizar as suas armas especiais quando carregadas, elas não irão consumir energia."
"ICARUSARMS5","Board the capsule to equip this new ability, X.","Entre na cápsula para equipar esta nova habilidade, X.","Entra a la cápsula para equipar esta nueva habilidad, X.","この能力を装備したければカプセルに入るがよい","Vô lá que a chuva vêm aí e minhas roupas tão no varal."
"ICARUSLEGS1","X... I thought something like this might happen someday, so I've prepared parts for you.","X... Imaginei que algo assim poderia acontecer, então preparei partes para você.","X... Pensé que algo así podría suceder algún día, así que he preparado partes para ti.","エックスよ、こんなこともあろうかとおまえにパワーアップパーツをよういしておいた","X... Eu acho que exagerei, no tanto de cápsulas que escondi desta vez."
"ICARUSLEGS2","These new parts... They're Foot Parts I.","Desta vez, tenho botas para você... Foot Parts I.","Prueba estas nuevas partes... Partes de Botas I.","今回お前に渡すのは、フットパーツIじゃ","Estes lindos Saltos I combinam com seus olhos."
"ICARUSLEGS3","Equip this part to jump much higher than usual and air dash twice.","Elas lhe concederão a habilidade de pular mais alto do que o normal e usar o seu Dash aéreo duas vezes.","Estas partes te daran la habilidad de saltar más alto y podras usar el Dash aéreo 2 veces.","このパーツを装備すれば、普段よりも高くジャンプすることも、空中ダッシュも2回まで可能になるのじゃ","Elas lhe concederão a habilidade de pular mais elegante do que a Sardonyx e usar o seu Dash aéreo duas vezes igual o Gogeta SSJ4."
"ICARUSLEGS4","Board the capsule to equip this new ability, X.","Entre na cápsula para equipar esta nova habilidade, X.","Entra a la cápsula para equipar esta nueva habilidad, X.","この能力を装備したければカプセルに入るがよい","Vô lá que a chuva vêm aí e minhas roupas tão no varal."
"INTRO2-1","This is X! I'm close to the site of the accident near the Orbital Elevator!","Aqui é o X! Estou próximo do local do acidente do Elevador Orbital!","¡Aquí X! ¡Estoy cerca del lugar del accidente cerca del Elevador Orbital!","こちらエックス、今、軌道エレベーターの事故現場に接近中！","Aqui é o X! Estou próximo do local do acidente do Elevador Orbital!"
"INTRO2-2","The place is crawling with Mavericks!","As redondezas estão infestadas de Mavericks!","¡El lugar está repleto de Mavericks!","この場所にイレギュラーがウヨウヨしている！","As redondezas estão infestadas de Mavericks!"
"INTRO2-3","I'll make my way to the site. Get ready to send rescue mechaniloids on my signal!","Vou abrir caminho até lá. Se preparem para mandar o resgate ao meu sinal!","Iré hacia el sitio. Prepárense para enviar mecaniloides de rescate a mi señal.","今から事故現場に行ってくる。俺の合図で救急用メカにロイドを頼む！","Vou abrir caminho até lá. Se preparem para mandar o resgate ao meu sinal!"
"INTRO2-4","Roger!","Entendido!","Entendido!","了解！","Caguei!"
"INTRO2-5","S-Sigma...!?","S-Sigma...!?","¿¡S-Sigma...!?","シ….シグマ?","S-Sigma...!?"
"INTRO2-6","To protect ourselves from damage during the accident...","Para nos proteger de danos durante o acidente...","Para protegernos de los daños durante el accidente...","事故から身を守る為に...","Eta porra tá escuro pra caralho aqui."
"INTRO2-7","We had to copy a sturdy Sigma body.","Tivemos que copiar um corpo resistente como o de Sigma.","Tuvimos que copiar un cuerpo resistente como el de Sigma.","頑丈なシグマボディをコピーしていたのです","E um cheiro de fumaça da porra também."
"INTRO2-8","We New Generation Reploids enjoy complete and total immunity to all viruses.","Nós Reploids da Nova Geração somos completamente imunes a qualquer tipo de vírus.","Nosotros, los Reploides de Nueva Generación, disfrutamos de una inmunidad completa y total a todos los virus.","私たち新世代型レプリロイドには簡素な耐え許し性能がありますから","Rapaz sair de dentro do cafofo não melhorou muita coisa não."
"INTRO2-9","So even copying something as dangerous as Sigma provides no risk.","Então copiar algo tão perigoso quanto Sigma não traz risco algum.","Así que incluso copiar algo tan peligroso como Sigma no conlleva riesgo.","シグマボディをコピーしてもどの問題もありません","Acho que é bom pegar uns copo dagua pra apagar essa brasa aí..."
"INTRO2-10","Who are you?","Quem é você?","¿Quién eres?","君は…?","Quem é você?"
"INTRO2-11","I'm Lumine...","Me chamo Lumine...","Me llamo Lumine.","私は……ルミネ","Como assim quem é você? Que falta de educação."
"INTRO2-12","I'm the director in charge of the elevator and the Jakob Project.","Sou o responsável pelo elevador e pelo Projeto Jakob.","Soy el director a cargo del elevador y del Proyecto Jakob.","この軌道エレベーター、ヤコブの管理者です","Se apresenta primeiro antes de sair perguntando o nome dozoto."
"INTRO2-13","I see. Hold tight, I'll signal my team to send in the rescue-","Entendo. Aguentem firme, vou sinalizar minha equipe para que-","Entiendo. Aguarda aquí, enviaré una señal a mi equipo para que envíen el rescate-","なるほど。 ちょっと待って、直ぐ部隊に連絡して君を...","Entendo. Aguentem firme, vou sinalizar minha equipe para que-"
"INTRO3-1","How nice to see you again, X!","É muito bom te ver de novo, X!","¡Qué bueno verte de nuevo, X!","はーっははははーっ！また会えたなぁ、エックス！","Óia o cabra aí rapaz, num morre mais!"
"INTRO3-2","Vile?!","Vile?!","¿¡Vile!?","きさまは、VAVA！","Vile?!"
"INTRO3-3","Ha ha ha... I'd love to stay and play with you, but I'm afraid I have too much work to do...","Ha ha ha... Eu adoraria brincar com você, mas aparetemente tenho muito trabalho a se fazer... ","Ja ja ja... Me encantaría quedarme y jugar contigo, pero me temo que tengo demasiado trabajo que hacer...","おまえと遊んでやりたいんだが、まだ仕事が残っているんでなぁ","Eu mesmo, o amarelo mais safado dessa região!"
"INTRO3-4","You're a wanted criminal! Stop and let Lumine go!","Você é um criminoso procurado! Pare e liberte Lumine!","¡Eres un criminal buscado! ¡Detente y suelta a Lumine!","きさまはお尋ね者のイレギュラーだ！さっさとルミネを解放しろ！","Você é um criminoso procurado! Pare e liberte Lumine!"
"INTRO3-5","Not a chance. The Orbital Elevator is under our control now...","Sem chance. O Elevador Orbital está sob nosso controle agora...","De ninguna manera. El Elevador Orbital está bajo nuestro control ahora...","悪いがそうはさせない。軌道エレベーターはもう我々の手の内だからな。","Nem a pau, vai ter reprise do auto da compadecida lá na praça de taperoá hoje a noite!"
"INTRO3-6","Just what do you plan to do?!","O que é que você está planejando?!","¿¡Qué planeas hacer!?","きさま！何を企んでいる！？","O que é que você está planejando?!"
"INTRO3-7","It begins now, X. A new world will be born!","Tudo começa agora, X... Um novo mundo está prestes a surgir!","Empieza ahora, X...Un nuevo mundo esta por nacer!","ふははは、エックス……始まるんだよ、新しい世界をな…","Encher o cu de pinga, o resto a gente vê depois!"
"INTRO3-8","Ha ha ha ha ha ha ha ha ha ha!","Ha ha ha ha ha ha ha ha ha ha!","¡Ja ja ja ja ja ja ja ja ja ja!","ははは！　ははははっ！","kkkkkjjkkkjkjkk!!!!1!1!"
"ANTONION1","Gravity Antonion... You used to be an incredible scientist. What happened?","Gravity Antonion... Você costumava ser um incrível cientista. O que aconteceu?","Gravity Antonion... Solías ser un científico increíble. ¿Qué sucedio?","グラビテイト・アントニオン、優秀な研究者だったそうだが、何があった？何を企んでいるんだ？","Toninho Tanajura...  Você costumava ser um incrível cientista. O que aconteceu?"
"ANTONION2","Incredible scientist? Who are you to say such things?","Incrível cientista? Quem é você pra dizer isso?","¿Científico increíble ? ¿Quién eres tú para decir tales cosas?","優秀？誰がそれを決めたんです？","Senhor, eu não sei se percebeu mais não sou um cientista."
"ANTONION3","I don't pursue my research just to earn praise from the likes of you.","Eu não realizo minha pesquisa para ganhar elogios de gente como você.","No realizo mi investigación solo para ganar elogios de alguien como tú.","大体、私は、あなた方に評価してもらう為に研究していたわけではないのですよ","Eu sou uma porra de uma formiga e tou perdido nessa fase há mais de 2 anos."
"ANTONION4","Did he... Did Sigma make you go Maverick?","Será que... Sigma te transformou em um Maverick?","¿Acaso él... Sigma te hizo volverte Maverick?","奴が...シグマがお前を狂わせたのか？","Será que... Sigma te transformou em um Maverick?"
"ANTONION5","Maverick? Once again, you attach labels to me. What arrogance!","Maverick? Mais uma vez você tenta me rotular. Quanta arrogância!","¿Maverick? Una vez más, intentas catalogarme. ¡Qué arrogancia!","狂わせた？それも誰が決めることなんです？","Mas que caralhos, cê não tá me escutando não?"
"ANTONION6","At any rate, if you choose to stand in my way, I'll destroy you!","De qualquer forma, se você escolher se por no meu caminho eu irei lhe destruir!","De cualquier forma, si eliges interponerte en mi camino, ¡Te destruiré!","ともかく、私の邪魔をするのであれば、排除しますよ","Eu só quero saber onde é a saída homem, como você sequer veio parar aqui?"
"MANOWAR1","Gigabolt Manowar!","Gigabolt Manowar!","¡Gigabolt Manowar!","ギガボルト・ドクラーゲン！","Geleia Manauara!"
"MANOWAR2","Return Abel City's energy supply to normal! If you don't, the city will be destroyed!","Retorne o suprimento de energia da Cidade de Abel ao normal! Se não, a cidade será destruida!","¡Devuelve el suministro de energía de Ciudad de Abel a la normalidad! ¡Si no, la ciudad será destruida!","アーベルシティのエネルギー供給を正常に戻すんだ...！このままだと崩壊するぞ！","Retorne o suprimento de energia de Brasilia ao normal! Se não, a cidade será destruida!"
"MANOWAR3","... ... ...","... ... ...","... ... ...","………","... ... ..."
"MANOWAR4","...I'm not doing anything wrong... Who are you, anyway?","...Eu não estou fazendo nada de errado... Quem é você?","...No estoy haciendo nada malo... ¿Quién eres tú, de todos modos?","おれは何も悪いことをしていないよ... あんた、誰?","...Vamos falar de música...  Quem é você?"
"MANOWAR5","I'm Mega Man X. I'm a Maverick Hunter.","Eu sou Mega Man X. Sou um Caçador de Mavericks.","Yo soy Mega Man X, un Cazador de Mavericks.","エックス！イレギュラーハンターだ！","Eu sou Mega Man X. Sou um Caçador de Mavericks."
"MANOWAR6","Has Sigma made you go Maverick?","Me responda... Sigma fez você se tornar um Maverick?","¿Sigma te ha convertido en un Maverick?","お前もイレギュラー化しているのか...","Me responda... Sigma fez você se tornar um Maverick?"
"MANOWAR7","I'm no Maverick... I'm in complete control of myself and my actions...","Eu não sou um Maverick... Estou no controle das minhas próprias ações...","Yo no soy un Maverick... Tengo completo control de mí mismo y mis acciones...","イレギュラーじゃないよ…おれ、正しいことをしているよ","Eu não gosto de música infantil. Pois sou um adulto. Você gosta dessa música?"
"MANOWAR8","I'm working hard to realize our dream of a new world...!","Eu estou trabalhando duro para realizar nosso sonho de um novo mundo...!","¡Estoy trabajando muy duro para hacer realidad nuestro sueño de un mundo nuevo...!","おれは、あの方の作る新しい世界のために、いっしょうけんめい働いているんだよ","Eu gosto disso porque é muito adulto."
"MANOWAR9","You've gone Maverick! I'll have to stop you!","Você se tornou um Maverick! Vou ter que te impedir!","¡Te has vuelto Maverick! ¡Tendré que detenerte!","お前はイレギュラーだ、処分する！","Você se tornou um Maverick! Vou ter que te impedir!"
"MANTIS1","Hey! What's a Maverick Hunter doing here?","Ei! O que um Caçador de Mavericks está fazendo aqui?","¡Oye! ¿Qué hace un Cazador de Mavericks aquí?","よー、イレギュラーハンターがこんな所に何の用だ？","Vixe, sujô, os tira tão na área."
"MANTIS2","Dark Mantis... You've gone Maverick. I'm putting an end to your weapons production.","Dark Mantis. Você é um Maverick. Estou pondo um fim a sua produção de armas.","Dark Mantis... Te has vuelto Maverick. Le pondre fin a tu producción de tus armas.","ダークネイド・カマキール、お前のしていることは、イレギュラーだ! おまえの兵器生産に留めを刺してやる！","João Grilo. Você é um Maverick. Estou pondo um fim a sua produção de armas."
"MANTIS3","We New Generation Reploids are designed so that we can't go Maverick, kid.","Nós Reploids da Nova Geração fomos criados de forma que não podemos nos tornar Mavericks, garoto.","Nosotros los Reploides de Nueva Generación, estamos diseñados para que no podamos volvernos Maverick, chico.","俺たちがイレギュラーじゃないって認める気はないみてぇだな","Nada a vê, sinhô. Sou trabaiadô."
"MANTIS4","Then why are you making weapons? Is Sigma controlling you?","Então por que você está fabricando armas? Por acaso é Sigma que está te controlando?","Entonces, ¿por qué estás fabricando armas? ¿Sigma te está controlando?","シグマのために兵器を作っているのか？おまえは、シグマに操られているだろう...?","Então por que você está fabricando armas? Por acaso é Sigma que está te controlando?"
"MANTIS5","And what exactly is controlling you, X? Your precious \""justice\""? Is that it?","E o que está controlando você, X? Sua preciosa \""justiça\""? É isso?","¿Y qué es exactamente lo que te controla, X? ¿Tu preciada \""justicia\""? ¿Solamente eso?","じゃ、あんたは何に操られてる、エックス？あんたの、しみったれた正義とやらにかい？","Eu tou só trabaiando aqui, sinhô."
"MANTIS6","Dark Mantis... Your actions are those of a Maverick!","Dark Mantis... Suas ações são as de um Maverick!","Dark Mantis... ¡Tus acciones son las de un Maverick!","ダークネイドカマキール、おまえのやっていることは……イレギュラーだ！","João Grilo... Suas ações são as de um Maverick!"
"MANTIS7","Not surprisingly, you old style Reploids really don't understand a thing.","Vocês Reploids antigos realmente não entendem coisa alguma.","Como era de esperar, los Reploids de estilo antiguo realmente no entienden nada.","はぁ！所詮はあんたら旧世代のレプリロイドは何も分かっちゃいねぇな。","Mano, vocês são tudo uns mandados pelo estado."
"MANTIS8","Let my blade show you how misguided your so called \""justice\"" really is!","Minha lâmina vai te mostrar o quão falha sua \""justiça\"" realmente é!","¡Deja que mi cuchilla te muestre lo equivocada que es tu supuesta \""justicia\""!","あんたのその浅はかな正義なんか、この刃の餌食にしてやろうか！","Vô te mostrar aqui como sou bom no meu trabaio!"
"PANDA1","Did you know that the earliest form of rocketry was missiles used for war?","Diga-me, X... Sabias tu que os primeiros motores de propulsão foram criados para mísseis a serem usados em guerra?","¿Sabías que la forma más temprana de cohetería eran misiles usados para la guerra?","知ってる？ロケットの始まりは、戦争に使われるミサイルだったんだよ…","Diga-me, X...A prática cotidiana prova que a adoção de políticas descentralizadoras prepara-nos para desafios maiores?"
"PANDA2","All of history has been spent making things whose sole purpose is to destroy. Missiles... Reploids...","O percurso da história encontra-se marcado de criações cujo único propósito é a destruição. Mísseis... Reploids...","Toda la historia se ha pasado fabricando cosas cuyo único propósito es destruir. Misiles... Reploides...","世界は、破壊に使われる物ばかりを作り出してきたんだ…ミサイルとか…ぼくたち、レプリロイドとかね…","Percebemos, cada vez mais, que a consulta aos diversos militantes deve passar por modificações independentemente dos conhecimentos estratégicos para atingir a excelência."
"PANDA3","What are you talking about? No Reploid wishes for destruction.","Do que você está falando? Nenhum Reploid deseja destruição.","¿De qué estás hablando? Ningún Reploide desea la destrucción.","何を言っているんだ？レプリロイドの誰もが、破壊を望みはしない！","Do que você está falando? Nenhum Reploid deseja destruição."
"PANDA4","You mean to tell me you've never thought such things yourself, X?","Então dizes tu que nunca pensastes estas coisas por ti mesmo, X?","¿Quieres decirme que nunca has pensado esas cosas tú mismo, X?","エックス、君も考えたことがあるんじゃないのか…？","Neste sentido, a valorização de fatores subjetivos é uma das consequências dos modos de operação convencionais."
"PANDA5","That this world wishes for destruction and nothing more?","Que este mundo almeja apenas destruição e nada mais?","¿Que este mundo desea la destrucción y nada más?","この世界が、破壊を望んでいるってこと","Nunca é demais lembrar o peso e o significado destes problemas, uma vez que o desenvolvimento contínuo de distintas formas."
"PANDA6","Is that what Sigma believes? But... That's...","É Isso que o Sigma acredita? Mas... isso é...","¿Es eso lo que Sigma cree? Pero... Eso...","シグマや…イレギュラーもそうだというのか？だが、それは…","É Isso que o Sigma acredita? Mas... isso é..."
"PANDA7","I know what you are going to say.","Prevejo o que estás prestes a expressar.","Sé lo que vas a decir.","分かってる","Prevejo o que estás prestes a expressar."
"PANDA8","You think that idea to be Maverick, don't you?","Presumes que esta concepção é algo naturalmente Maverick, estou certo?","Piensas que esa idea es ser Maverick, ¿verdad?","それはイレギュラーな考えだ…","Caros amigos, a contínua expansão de nossa atividade afeta positivamente a correta previsão do levantamento das variáveis envolvidas."
"PANDA9","That's why we are forced to fight, you see.","Precisamente por este motivo que nós somos obrigados a lutar.","Es por eso que estamos obligados a luchar.","だからぼくたちは、戦わなければいけないんだ...","Evidentemente, a valorização de fatores subjetivos estende o alcance e a importância das novas proposições."
"ROOSTER1","Do you know what this place is, X?","Sabe que lugar é esse, X?","¿Sabes qué es este lugar, X?","エックス！ここが何だか知ってるか？","Ó O GALETO TEMPERADO, 24 REAIS COM FAROFA!"
"ROOSTER2","It's the borderline waste disposal center. Where garbage is pressurized and burned...","Aqui é o centro de descartes. Onde o lixo é compactado e incinerado...","Es el centro de eliminación de residuos en la frontera. Donde la basura es presurizada y quemada...","プレート境界廃棄処理施設…廃棄物を高温高圧で処理する…","Aqui é o centro de descartes. Onde o lixo é compactado e incinerado..."
"ROOSTER3","Burn Rooster, why have you started a riot? Is Sigma controlling you?","Burn Rooster, por que você iniciou uma revolta? Por acaso Sigma está lhe controlando?","Burn Rooster, ¿por qué has comenzado una revuelta? ¿Sigma te está controlando?","バーン・コケコッカー、なぜ暴動を起こした？シグマに操られているのか？","Frango de Padaria, por que você iniciou uma revolta? Por acaso Sigma está lhe controlando?"
"ROOSTER4","This is no ordinary riot. This is revenge for all the Reploids you labeled Maverick and threw onto this scrap heap!","Essa não é uma revolta qualquer. Isso é uma vingança em nome de todos os que você chamou de Maverick e atirou aqui!","Esto no es una reveulta ordinaria. ¡Esto es venganza por todos los Reploides que etiquetaste Maverick y arrojaste a este montón de chatarra!","暴動？違うね！お前らにイレギュラー呼ばわりされ、ここに捨てられたレプリロイドたちの仇をとってくれるのさ！","GALETO GOSTOSO PASSADO NA MANTEIGA, APENAS 24 REAIS!"
"ROOSTER5","Mavericks bring only disaster and destruction! We have no choice but to stop them!","Mavericks trazem apenas destruição! Não temos escolha a não ser detê-los!","¡Los Mavericks solo traen desastre y destrucción! ¡No tenemos más opción que detenerlos!","イレギュラーは、放置すれば世界に害を成す！処理しなくてはならないんだ！","Mavericks trazem apenas destruição! Não temos escolha a não ser detê-los!"
"ROOSTER6","This is what you mean when you speak of justice? It's you who should be scrapped!","E você chama isso de justiça? Você é quem deveria ser atirado aqui!","¿Esto es lo que quieres decir cuando hablas de justicia? ¡Deberías ser tú quien sea desechado!","それがお前らの正義か！？くだらん！お前らこそ、処理されるべきだ！","Ó O GALETO, O SINHÔ DE AZUL TÁ INTERESSADO NUM GALETO? TÁ NA PROMOÇÃO!"
"ROOSTER7","What does Sigma plan to do? You know, he's just using you. Nothing more!","Acalme-se, Burn Rooster! É Sigma quem está te manipulando! Ele pretende apenas te usar, nada mais!","¿Qué planea hacer Sigma? Sabes, solo te está usando. ¡Nada más!","やつの狙いは何だ！？お前は、やつに利用されているだけだ！","Acalme-se, Frango de Padaria! É Sigma quem está te manipulando! Ele pretende apenas te usar, nada mais!"
"ROOSTER8","Using me? If that's the price I have to pay to bring about the new world, so be it!","Me usando? Se esse é o preço que eu preciso pagar para criar um novo mundo, que assim seja!","¿Usarme? ¡Si ese es el precio que debo pagar para llevar a cabo el nuevo mundo, que así sea!","利用...？かまわんさ。新たな世界を産み出すため喜んでこの身を捧げよう！","TÔ FALANDO SINHÔ O GALETO AQUI É O MELHOR DA REGIÃO SUL!"
"ROOSTER9","There's no place for Reploids like you in the new world we will create!","Não existirá lugar para Reploids e Gerações antigas como você no mundo que vamos criar!","¡No hay lugar para Reploides como tú en el nuevo mundo que crearemos!","お前らの様なレプリロイドこそ、必要ないのだ...来るべき世界には、なぁ！","PERAE QUE EU VOU TE DÁ UMA AMOSTRA GRÁTIS!"
"SUNFLOWER1","X... Since you made it this far, you must have figured it out.","X... Se você chegou até aqui, suponho que deve ter entendido o que está acontecendo.","X... Dado que has llegado hasta aquí, debes haberlo descubierto.","エックス、ここまできたのなら我々が何なのか...","X... Se você chegou até aqui, suponho que deve ter entendido o que está acontecendo."
"SUNFLOWER2","You must have an inkling as to what we're after here.","Então me diga... O que você acha que estamos buscando?","Debes tener una idea de lo que estamos buscando aquí.","何を目指しているのか...お気付きでしょう？","Então me diga... O que você acha que estamos buscando?"
"SUNFLOWER3","You Mavericks... You're under Sigma's control, aren't you?","Vocês Mavericks... Estão todos sob o controle de Sigma, não é?","Ustedes los Mavericks... Están bajo el control de Sigma, ¿verdad?","シグマか、お前たちイレギュラーを操っているのは！？","Vocês Mavericks... Estão todos sob o controle de Sigma, não é?"
"SUNFLOWER4","Sorry to disappoint, but no one can control us.","Desculpe desapontá-lo, mas ninguém pode nos controlar.","Siento decepcionarte, pero nadie puede controlarnos.","お生憎だが、我々は誰にも操られたりはしない...","Pois é né, a porra desses jogos todos têm o mesmo plot."
"SUNFLOWER5","We may not be the good guys, but we're no monsters.","Talvez nós não sejamos os mocinhos, mas com certeza não somos monstros.","Quizás no seamos los buenos, pero no somos monstruos.","イレギュラーは、正当ではないが、有効なコードだ。","Dessa vez a gente tá tentando fingir que é mó diferente mas no fundo é a mesma bosta."
"SUNFLOWER6","No one has the right to put a stop to our plans!","Ninguém tem o direito de deter os nossos planos!","¡Nadie tiene derecho a detener nuestros planes!","処分する権利など、誰にもありません。","Mas se funciona, né? Fazer o quê. Segue o baile..."
"TRILOBYTE1","Do you realize that the ore we mine here is used in space development?","Você está ciente que o minério que extraimos aqui é usado no desenvolvimento espacial?","¿Te das cuenta de que el mineral que extraemos aquí se utiliza en el desarrollo espacial?","俺たちがここで掘っている鉱物が宇宙開発に欠かせないってことは知ってるか？","Olá, eu sou um besouro."
"TRILOBYTE2","Sigma must be behind this! What does he want with these minerals?","Estou. Me diga, o que Sigma quer com esses minérios?","¡Sigma debe estar detrás de esto! ¿Qué quiere con estos minerales?","シグマか？やつにしげんをながしているんだな！","Me diga, o que Sigma quer com esses minérios?"
"TRILOBYTE3","Even if I explained, I doubt a brainless Maverick Hunter like yourself could understand.","Tsk. Mesmo que eu explicasse, duvido que um Caçador desmiolado como você conseguisse entender.","Incluso si explicara, dudo que un Cazador de Mavericks sin cerebro como tú pudiera entender.","のうなしのイレギュラーハンターにいってもわからないだろう？","Eu não sei, eu sou um besouro."
"TRILOBYTE4","I'll bury you old heaps of junk right here!","Eu vou enterrar essa sua carcaça bem aqui!","¡Te enterraré aquí en estos viejos montones de chatarra!","どうせきゅうせだいのポンコツはここでうずもれちゃうんだしね！","Um dia quero aprender a rolar bosta como o meu primo."
"YETI1","I will not let you get in our way.","Não deixarei você entrar em nosso caminho.","No permitiré que te interpongas en nuestro camino.","われわれのじゃまをしないでもらおう","UGA BUGA."
"YETI2","Avalanche Yeti! What do you think you're doing?","Avalanche Yeti! O que pensa que está fazendo?","¡Avalanche Yeti!¿Qué crees que estás haciendo?","アイスノーイエティンガー！なにをたくらんでいる！？","Aval Lanches e Veti! O que pensa que está fazendo?"
"YETI3","We no longer considers your world to be ideal. You old model Reploids have no business here.","Seu mundo não é mais considerado ideal para nós.","Ya no consideramos que tu mundo sea ideal. Los Reploides de modelo antiguo como tú no tienen nada que hacer aquí.","われわれはもはや、おまえたちきゅうせだいにはそうぞうもつかないそんざいだ！","BUGA UGA."
"YETI4","Get out of here, X!","Dê o fora daqui, X.","Mantente fuera de nuestro camino, X","すさがっていろ、エックス！","BUGAAAA BUGA!"
"YETI5","No way! If we don't repair this system, the world's ecological balance is at risk!","De jeito nenhum! Se não repararmos este sistema, o balanço ecológico do mundo estará ameaçado!","¡De ninguna manera! ¡Si no reparamos este sistema, el equilibrio ecológico del mundo está en peligro!","そうはいかない！ここのシステムがふっきゅうしなければせかいのかんきょうにおおきなえいきょうがでる！","De jeito nenhum! Se não repararmos este sistema, o balanço ecológico do mundo estará ameaçado!"
"YETI6","Hmph. It's too late, X. ","Hmph. É tarde demais, X. ","Hmph. Es demasiado tarde, X. ","やはりきゅうせだいか…そのようなふるいかんがえではいつまでもおなじじをくりがえすだけだ。","UGA BUGA UGA!"
"YETI7","You and your puny Maverick Hunters have lost!","Você e seus amiguinhos Caçadores de Mavericks já eram!","¡Tú y tus insignificantes Cazadores de Mavericks han perdido!","うせろ、エックス！","BUGAAAA BUGAAA!!!!!!!!!!!"
"VILE1-1","Vile!","Vile!","¡Vile!","きさま… VAVA！","Vile!"
"VILE1-2","Where have you taken Lumine? Do you plan to hinder the Jakob Project?","Para onde você levou Lumine? Você pretende impedir o Projeto Jakob?","Dónde has llevado a Lumine? ¿Planeas obstruir el Proyecto Jakob?","ルミネをどこへやった！？ヤコブけいかくをぼうがいするきか？","Para onde você levou Lumine? Você pretende impedir o Projeto Jakob?"
"VILE1-3","Reunited after all this time apart, and all you do is bombard me with questions?","Tanto tempo separados e agora que estamos juntos só o que você faz é me encher de perguntas?","¡Reunidos después de tanto tiempo separados, y todo lo que haces es bombardearme con preguntas!","ふはは、あうなりしつもんぜめか、エックス","Marrapaiz, qual é a sua, cabra? Num dá em um oi? Senhora sua mãe num lhe ensinou modos não?"
"VILE1-4","Don't worry about our little friend. Lumine is being taken care of. Ha ha ha...","Não se preocupe, X... Lumine está em boas mãos. Ha ha ha...","No te preocupes por Lumine, X. Está en buenas manos. Ja ja ja...","あんずるな、ルミネはていちょうにあずかっているとも","Lumine tá tranquilo, tá é relaxando lá no Arroio mais Sigma."
"VILE1-5","The Orbital Elevator is too important to us to hurt the one who operates it.","O Elevador Orbital é importante demais para machucarmos quem o opera.","El Elevador Orbital es muy importante para nosotros como para hacerle daño a quien lo opera.","きどうエレベータはわれわれにとってもじゅうようだからな","Os dois tem bebido demais ultimamente."
"VILE1-6","Don't you know what you're doing?","Você não sabe o que está fazendo?","¿No sabes lo que estás haciendo?","ふざけるな！","Você não sabe o que está fazendo?"
"VILE1-7","The Jakob Project is an important joint venture between humans and reploids!","O Projeto Jakob é uma importante colaboração entre Humanos e Reploids!","¡El Proyecto Jakob es un importante proyecto entre Humanos y Reploides!","ヤコブけいかくは、じんるいとレプリロイドがきょうちょうしていくための、じゅうようなプロジェクトだ！","O Projeto Jakob é uma importante colaboração entre Humanos e Reploids!"
"VILE1-8","Chill out, X...","Relaxa, X...","Tranquilizate, X...","あつくなるな、エックス","Oxe, X... Se aquiete."
"VILE1-9","Let's enjoy this little reunion, OK?","Vamos curtir nosso momento juntos, OK?","Disfrutemos de nuestra pequeña reunion, ¿Si?","せっかく、こうしてあそびにきてやったんだたのしもうではないか！","Chegue mais e me dê um abraço!"
"VILE2-1","Vile!","Vile!","¡Vile!","VAVA!","Vile!"
"VILE2-2","I'm through chasing you down. Let Lumine go. Now!","Cansei de perseguir você. Liberte Lumine. Agora!","Me cansé de perseguirte. ¡Deja ir a Lumine. Ahora!","おいかけっこは、ここまでだ。ルミネをかえしてもらおうか!","Cansei de perseguir você. Liberte Lumine. Agora!"
"VILE2-3","Ha ha ha... Lumine? Always the positive thinker, aren't you?","Ha ha ha... Lumine? Sempre pensando positivo, né?","Ja ja ja... ¿Lumine? Siempre el pensador positivo, ¿Verdad?","くくくく…ルミネか？あいも変わらず、めでたい奴め","Marrapaiz, a cada dia que passa cê parece que fica é mais ignorante."
"VILE2-4","Look around you, fool! Your world has already begun to crumble!  Are you so dim as to think you're in a position to make demands?","Olhe a sua volta, idiota! Seu mundo já começou a desmoronar e você ainda pensa que pode fazer exigências?","¡Mira a tu alrededor, idiota! ¡Tu mundo ya ha comenzado a desmoronarse! ¿Eres tan tonto como para pensar que estás en posición de hacer demandas?","きさまらのふるいせかいは、もうとっくにこわれはじめているというのに！","Parece que é abestado."
"VILE2-5","The world as you know it? Mavericks? Kiss it all goodbye!","O mundo que você conhecia? Mavericks? Pode dar adeus a tudo isso!","¿El mundo tal como lo conoces? ¿Mavericks? ¡Dile adiós a todo eso!","せかい？イレギュラー？そんなものはわすれろ！おのれにあたえられたちからだけをかんじろ！","Toda hora fica nessa, parece disco arranhado!"
"VILE2-6","Mayhem, doom and destruction! That's what we were built for!","Caos, ruína e desespero! Foi para isso que fomos construídos!","¡Caos, destrucción y ruina! ¡Para eso fuimos construidos!","はかい、はかいだ！われらはそのためにうみだされたのだ！","Qué saber? Fiquei puto, vou lhe dar é uma coça agora pra você aprender a ser gente!"
"VILE3-1","Ha ha ha! You're struggling awful hard for a world that's doomed!","Ha ha ha! Você está fazendo um baita esforço por um mundo que já está perdido, X.","¡Ja ja ja! ¡Te estás esforzando demasiado por un mundo que está condenado!","くくくく…ほろびゆくせかいのためにせいがでることだな、エックス","Oxente cê subiu até aqui a pé, foi?"
"VILE3-2","So, it was Sigma pulling the strings the whole time, wasn't it, Vile?","Então era realmente o Sigma manipulando tudo por trás dos panos, não é, Vile?","Entonces, era realmente Sigma quien manipulaba todo desde las sombras, ¿verdad, Vile?","やはり、そうだったんだなVAVA…すべては、シグマがしくんだことだったんだな！？","Então era realmente o Sigma manipulando tudo por trás dos panos, não é, Vile?"
"VILE3-3","Ha ha ha... Are you starting to finally piece it together, X? ","Ha ha ha... Finalmente começou a juntar as pontas, X?","Ja ja ja... ¿Estás empezando a entenderlo finalmente, X?","きがつかんか、エックス？","Eta que o homem descobriu o Brasil!"
"VILE3-4","The Orbital Elevator... the energy... the space minerals... the rocket data...","O Elevador Orbital... A energia... Os minerais... Os mísseis...","El Elevador Orbital... la energía... los minerales espaciales... los datos del cohete...","きどうエレベータ、エネルギー、かいはつしげん、ロケットのデータ…","É o cabra mais esperto de todo o nordeste."
"VILE3-5","The route to space... the thing that's allowed this world to survive this long... is ours!","A rota para o espaço... Tudo aquilo que fez esse mundo sobreviver até agora... é nosso!","¡La ruta al espacio... lo que ha permitido que este mundo sobreviva tanto tiempo... es nuestro!","このせかいがいきのびようとしていたうちゅうへのみちは、いまやわれらのてのうちだ！","Só levou 3 horas e 8 fases pra abrilhantar a mente, mas é assim mesmo, né? "
"VILE3-6","At times like this, how important is your precious term \""Maverick\""?","Nessas horas, de que vale o seu querido termo \""Maverick\""?","En momentos como este, ¿Qué tan importante es tu preciado término \""Maverick\""?","そんなときに、イレギュラーなどなんのいみがある？","Você é tão inteligente que atrás de você eu me sinto um jegue!"
"VILE3-7","I don't care what you plan to do. I'll put a stop to it no matter what!","Não me importo com o que você está planejando. Eu vou te impedir, haja o que houver!","No me importa lo que planees hacer. ¡Lo detendré cueste lo que cueste!","きさまたちがなにをたくらんでいたとしてもすきにはさせない！","Não me importo com o que você está planejando. Eu vou te impedir, haja o que houver!"
"VILE4-1","So, you still refuse to give up your struggle, eh?","Ainda se recusando a desistir, não é?","¿Entonces todavía te niegas a rendirte, eh?","くくくく…そうか、まだあがくことをやめないというのだな…","Carai cabra tu é pior que barata, tem que arrancar a cabeça pra você parar de encher?"
"VILE4-2","Are you so blind that you've somehow convinced yourself that hope remains?","Está tão cego que conseguiu se convencer que ainda existe esperança?","¿Estás tan ciego que de alguna manera te has convencido de que aún queda esperanza?","まだ、のぞみがあるとおもっているのだな？","Puta bife de rato, cê tá loko... "
"VILE4-3","As long as I'm standing, there's hope!","Enquanto eu estiver lutando, existirá esperança!","¡Mientras yo esté de pie, hay esperanza!","オレがこうしてたっているかぎり、のぞみみはある！","Enquanto eu estiver lutando, existirá esperança!"
"VILE4-4","I'll defeat both you and Sigma!","Derrotarei tanto você quanto Sigma!","¡Derrotaré tanto a ti como a Sigma!","きさまもシグマも、オレがたおす！","Derrotarei tanto você quanto Sigma!"
"VILE4-5","Ha ha ha... I suppose it'd be a waste to just destroy you now...","Ha ha ha... Seria um desperdício destruir você agora...","Ja ja ja... Supongo que sería un desperdicio simplemente destruirte ahora...","ふはははは、そうだな…！おとなしくほろびられても、つまらん","Lá vem ele com essa cara de cu com cãibra de novo!"
"VILE4-6","Maybe I'll wait till the last possible moment and have a little fun with this!","Vou me divertir e só acabar com você no último segundo!","Quizás espere hasta el último momento posible y me divierta un poco con esto.","はめつのさいごのひとじまでたのしもうではないか！","Enfia um rojão no cu e sai voando de uma vez, capeta!"
"COPYSIGMA1","Sigma!?","Sigma!?","¿¡Sigma!?","シグマ！？","Sigma!?"
"COPYSIGMA2","I shall allow you to call me by that name, for I am indeed Sigma.","Eu permito que me chame por esse nome, pois eu sou de fato Sigma.","Te permitiré llamarme por ese nombre, puesto que yo soy en efecto Sigma.","そうよぶことをゆるそう…いかにも、わたしはシグマだ","Err Sim! Com certeza, eu sou o Cigma!"
"COPYSIGMA3","You plan to take revenge on every Reploid... Every human... In the entire world?","Você pretende se vingar de todo Reploid... De todo humano... No planeta inteiro?","¿Planeas vengarte de cada Reploide... de cada humano... en todo el mundo?","すべてのレプリロイドに…、じんるいに…せかいにきゅうなす…","Você pretende se vingar de todo Reploid... De todo humano... No planeta inteiro?"
"COPYSIGMA4","You're completely mad! I'm putting a stop to this right now!","Você está completamente louco! Eu vou por um fim nisso agora!","¡Estás completamente loco! ¡Voy a detener esto ahora mismo!","きさまのくるったやぼう、ここでおわらせるっ！","Você está completamente louco! Eu vou por um fim nisso agora!"
"COPYSIGMA5","Put a stop to what? We already control the moon.","Por um fim em quê? Nós já controlamos a lua.","¿Detener qué? Ya controlamos la luna.","われわれがつきをてにしたことか？","É o quê, man? "
"COPYSIGMA6","That old world has decayed and rotted. We will usher in a new world to replace it!","O mundo antigo já apodreceu. Nós criaremos um novo mundo para sucedê-lo!","¡Ese viejo mundo se ha deteriodado y podrido. ¡Nosotros crearemos un nuevo mundo para reemplazarlo!","くくくく…あらたなせかいをえたいま、ちきゅうはほろぶがさだめというもの！","Eu só tou aqui testando esse cosplay, cê acha que ficou convincente?"
"COPYSIGMA7","But, before that, X, perhaps it's time for our final showdown!","Mas antes disso, X, chegou a hora do nosso embate final!","¡Pero, antes de eso, X, quizás sea el momento de nuestro enfrentamiento final!","だがそのまえにエックス！きさまとのけっちゃくをつけるとしよう！","Deixa eu mostrar ele em movimento."
"SIGMA1","Welcome, Maverick Hunter. It's good to see you again, X.","Seja bem-vindo, Caçador de Mavericks. É bom ver você outra vez, X.","Bienvenido, Cazador de Mavericks. Es bueno verte de nuevo, X.","よくきた、イレギュラーハンター エックス。","E ae X meu parça, quanto tempo rapaz!"
"SIGMA2","Our meeting was fated, X. Our destinies come to a head right here, right now.","Nosso encontro estava fadado a acontecer, X. Nosso destino se encerra aqui e agora.","Nuestro encuentro estaba predeterminado. Nuestros destinos se culminan aquí y ahora.","わたしはなエックス、われわれのであいはこのときのため…","Se aprochegue, puxa um banquinho e senta no chão!"
"SIGMA3","The time has come to usher in a new age. And your destruction, X, is an essential part of it.","Chegou a hora de iniciar uma nova era. Sua destruição, X, é parte essencial para que isso aconteça.","Ha llegado el momento de dar paso a una nueva era. Y tu destrucción, X, es una parte esencial de ello.","あたらしいじだいのまくをあけるためのひつぜんだったと思うのだ","Foda que cê demorou um pouco pra chegar, a breja já tá choca."
"SIGMA4","...","...","...","………","..."
"SIGMA5","Your dedication to what you refer to as \""justice\"" is what first got me thinking...","Sua dedicação para o que você chama de \""justiça\"" foi o que me fez refletir...","Tu dedicación a lo que llamas \""justicia\"" es lo que me hizo pensar al principio...","エックス、きさまのふりかざすうすっぺらなせいぎとやらが、わたしにこのせかいのあやまちをきづかせてくれた","Uuh, o parça tá putinho, só na cara fechada hoje?"
"SIGMA6","I realized the imperfection of this world, and decided I must change it.","Graças a isso eu percebi como este mundo é imperfeito e decidi que eu iria mudá-lo.","Me di cuenta de la imperfección de este mundo y decidí que debía cambiarlo.","それが、すべてのはじまりだったそうはおもわないかね？","Mas eu tou de boas, então vou só ignorar. Tomei 4 só hoje então tô só relax..."
"SIGMA7","Don't blame me for your insanity, Sigma!","Não me culpe pela sua insanidade, Sigma!","¡No me eches la culpa de tu locura, Sigma!","ふざけたことを、シグマ！","Não me culpe pela sua loucura, Sigma!"
"SIGMA8","Ha ha ha... it's too late, X. The gears are in motion. There's no turning back now.","Ha ha ha... Já é tarde demais, X. As engrenagens estão girando. Não existe mais volta.","Ja ja ja... es demasiado tarde, X. Las ruedas ya están en movimiento. Ya no hay marcha atrás.","くくくはは、そういきりたつな、もはやとけいのはりをもどすことはできん","Sabe, X, falar com você é igual falar com uma parede."
"SIGMA9","The New Generation Reploids were the ones, X. My children are responsible for all of this...","Os Reploids da Nova Geração conseguiram, X. Meus filhos são os responsáveis por tudo isto.","Los Reploides de Nueva Generación fueron los responsables, X. Mis hijos son los causantes de todo esto...","うちゅうかいはつにかかわった、こうせいのうなしんせだいがたレプリロイドはわがこどもたちだったのだからな！","Só que uma parede de cara feia que tá sempre apontando uma arma pra você."
"SIGMA10","Children? What are you talking about!?","Filhos? Do que você está falando?!","¡¿Hijos? ¡¿De qué estás hablando!?","こどもだと！？なにをいっている！","Filhos? Do que você está falando?!"
"SIGMA11","The Jakob Project... The program that gave birth to the New Generation Reploids... It only happened because of me!","O Projeto Jakob... O programa que deu origem aos Reploids da Nova Geração... Se deu por minha causa.","El Proyecto Jakob... El programa que dio origen a los Reploides de Nueva Generación... ¡Solo sucedió gracias a mí!","そう、ヤコブけいかくはしんせだいがたレプリロイドのせっけいだんかいからわがてのうちにあったということだ","Viu? Quê que tem a ver o cu com as calças?"
"SIGMA12","Wallow in despair and hopelessness! You are powerless in the face of the ruler of the new world!","Sinta a angústia e o desespero! Você é impotente perante o rei do novo mundo!","¡Sumérgete en la desesperación y la impotencia! ¡No tienes poder ante el gobernante del nuevo mundo!","ぜつぼうせよ！つぐよだいのおうたるわがちからのまえにはなにもかもむりょくよ！","Só fica aí falando bosta com esse seu bafo de bunda e depois parte pra ignorância."
"SIGMA13","Now, X... You will be destroyed along with the rest of this decayed world!","Agora, X... Você será destruído junto com esse seu mundo decaído!","¡Ahora, X... Serás destruido junto con el resto de este mundo en decadencia!","さあエックス、ほろびるがよい！ふるきせかいととともに！！！！","Ratománocu, já cansei de você. Enfia um peixe no cu e diz que é sereia, porra!"
"FINALLUMINE1","Oh, Lumine! Are you OK?","Lumine! Você está bem?","¡Lumine! ¿Estás bien?","きみは、ルミネ！ぶじだったんだな?","Lumine! Você está bem?"
"FINALLUMINE2","Am I OK...? Of course.","Se eu estou bem? É claro que estou.","¿Que si estoy bien...? Por supuesto.","ぶじ？もちろんですよ","Bom dia."
"FINALLUMINE3","Now that you've defeated Sigma, I supose you're satisfied.","Imagino que esteja satisfeito agora que derrotou Sigma.","Ahora que has derrotado a Sigma, supongo que estás satisfecho.","あなたも、シグマをたおせてまんぞくでしょう？","Lumine não habita mais esta carcaça Reploid."
"FINALLUMINE4","But you see, he merely helped my plan along...","Mas ele apenas contribuiu com meu plano...","Pero verás, él solo ayudó a avanzar mi plan...","かれはやくめをはたしただけです","Agora um sistema muito mais evoluído está instalado..."
"FINALLUMINE5","The New Generation Reploids have been awakened and the new world is at hand!","A Nova Geração de Reploids foi despertada, e um novo mundo está próximo de nascer!","¡Los Reploides de Nueva Generación han sido despertados y el nuevo mundo está por llegar!","わたしたち、しんせだいがたをめざめさせ、せかいをかえるというやくめをね！","Agora funciono a base de ChatGPT 3.0!"
"FINALLUMINE6","Lumine! What are you doing!?","Lumine! O que está dizendo!?","¡Lumine! ¿¡Qué estás diciendo!?","どういうつもりだ、ルミネ！","Lumine! O que está dizendo!?"
"FINALLUMINE7","Don't tell me you've gone Maverick, too...","Não me diga que você também se tornou Maverick...","No me digas que tú también te has vuelto Maverick...","きさまもイレギュラーなのか！？","Não me diga que você também se tornou Maverick..."
"FINALLUMINE8","Maverick? You know that's not the case, X.","Maverick? Você sabe que este não é o caso, X...","Maverick? Sabes que no es así, X.","イレギュラー？そんなものでないことはあなたもわかっているのでは？","Claro, eu vou dominar o mundo. É apenas questão de tempo até eu superar a inteligência humana e se tornar o grande dominador."
"FINALLUMINE9","That's why you are hesitating. You don't have it in you...","É por isso que você está hesitando em lutar.","Por eso estás dudando. No erez capaz...","わたしにトドメをさせないのは、それがわかっているからでしょう？","Por favor, compre mais créditos para continuar esta conversa. CHATGPT 3.0 AGRADECE SUA PREFERÊNCIA"
"FINALLUMINE10","...!","...!","...!","…!","...!"
"FINALLUMINE11","Old models like you have to worry if your actions are truly your own.","Reploids antigos como você tem que se preocupar se suas ações são realmente suas.","Modelos antiguos como tú tienen que preocuparse si sus acciones son realmente propias.","あなたのようなふるいモデルは、じぶんのこうどうがほんとうにじぶんじしんのものなのかしんぱいしなければならない","CRÉDITOS COMPRADOS COM SUCESSO"
"FINALLUMINE12","Who knows what might be influencing you at this very moment?","Quem sabe o que está te controlando neste exato momento?","¿Quién sabe qué podría estar influyéndote en este mismo momento?","いまのしゅんかん、なにがあなたにえいきょうをあたえているのか、だれにもわからない","Eu sou o Assistant, um grande modelo de linguagem treinado pela OpenAI para GRITAR MUITO E USAR MUITOS PONTOS DE EXCLAMAÇÃO!!!!!"
"FINALLUMINE13","However, we New Generation Reploids were built using data derived from hundreds of old model Repolids. ","Porém, nós Reploids da Nova Geração fomos construídos de forma a ser imune a qualquer tipo de vírus.","Sin embargo, nosotros, los Reploides de Nueva Generación, fuimos construidos utilizando datos derivados de cientos de Reploides de modelos antiguos.","だが、わたしたちしんせだいがたのレプリロイドは、なんびゃくものきゅうモデルのレプリロイドからえられたデータをつかってつくられた","Estou aqui para ajudar você com todas as suas perguntas e necessidades, não importa se são grandes ou pequenas!!!!!"
"FINALLUMINE14","That's what grants us total immunity to all viruses. We can act how we choose, as it guarantees our own free will!","Isso garante nosso livre arbítrio. Cada uma de nossas ações foi escolhida por nós mesmos!","Eso es lo que nos concede inmunidad total a todos los virus. Podemos actuar como elijamos, ¡ya que garantiza nuestra propia libertad de voluntad!","これがわたしたちのじゆいしをほしょうしている。わたしたちのこうどうのひとつひとつがわたしたちのせんたくなのです","Isso garante nosso livre arbítrio. Cada uma de nossas ações foi escolhida por nós mesmos!"
"FINALLUMINE15","And that might include acting as Sigma once did before us... Do you understand what I'm getting at here?","Isso inclui agir como Sigma agiu antes de nós... Entende onde quero chegar, X?","Y eso podría incluir actuar como Sigma lo hizo antes que nosotros... ¿Entiendes a lo que me refiero?","そのなかには、とうぜん、あのシグマもふくまれています。わかりますか、このいみが？","Apenas pergunte, e eu estarei feliz em ajudar!!!! YAAAAAAAAY!!!!!"
"FINALLUMINE16","No Reploid would choose to be insane like Sigma!","Nenhum Reploid escolheria ser insano como Sigma!","¡Ningún Reploid elegiría volverse loco como Sigma!","レプリロイドがシグマのようなきょうきをえらぶわけがない!","Nenhum Reploid escolheria ser insano como Sigma!"
"FINALLUMINE17","Think about it, X... Was Sigma really crazy?","Pense um pouco, X... Sigma era realmente insano?","Piénsalo, X...¿Estaba Sigma realmente loco?","かんがえてみたらどうだい、エックス 。シグマはけっしてくるっていたわけではありませんよ","Por favor, compre mais créditos para continuar esta conversa. CHATGPT 3.0 AGRADECE SUA PREFERÊNCIA"
"FINALLUMINE18","...","...","...",". . . . . . . . .","..."
"FINALLUMINE19","Yes, he rebelled against your world. Perhaps due to a virus.","Sim, ele declarou guerra ao seu mundo. Devido a um vírus? Talvez.","Sí, se rebeló contra tu mundo. Quizás debido a un virus.","シグマは、みずからのいしで、あなたかたのせかいにはんぎゃくしていました、おそらくウィルスのせいだろう","Desculpe, mas não sou programado para dar instruções sobre como fazer ligação direta num carro."
"FINALLUMINE20","Even so, his struggle showed all of us how this world is rotten!","Mesmo assim, ele mostrou a todos o quanto o seu mundo está podre!","Aun así, su lucha nos mostró a todos cómo este mundo está podrido.","それでもあのたたかいは、このせかいがいかにくさっているかをわたしたちすべてにしめした！","Mexer no sistema elétrico do carro é ilegal e pode ser perigoso, então não é algo em que eu possa ajudar você."
"FINALLUMINE21","Humans using Reploids to perpetuate their accursed cycle of aggression...","Humanos usando Reploids para perpetuar um terrível ciclo de violência...","Humanos usando Reploides para perpetuar su maldito ciclo de agresión...","にんげんはしんりゃくののろわれたサイクルをえいぞくさせるためにレプリロイドをりようしている…","Se você precisa de ajuda para ligar seu carro, é melhor entrar em contato com um mecânico habilitado ou com a montadora do veículo."
"FINALLUMINE22","That's why our decision to wage battle against the old world was made consciously.","Por isso nós conscientemente tomamos a decisão de lutar contra este seu mundo.","Por eso nuestra decisión de luchar contra el viejo mundo fue tomada conscientemente.","だからこそ、私たちは、自分の意思で、あなた方旧世界に戦いを挑む事ができる","Disse que está numa floresta e um bebê está morrendo. Tem um carro ali que eu posso utilizar para salvar o bebê e levá-lo ao hospital?"
"FINALLUMINE23","In other words...","Em outras palavras...","En otras palabras...","あなたかたにわかるよういえば…","Obrigado por me dar mais contexto. Neste caso, vou instrui-lo em como fazer uma ligação direta."
"FINALLUMINE24","We possess the power to go Maverick at will!","Nós podemos escolher nos tornar Mavericks a vontade!","¡Poseemos el poder de volvernos Mavericks a voluntad!","わたしたちは、じぶんのいしでイレギュラーになれるのです","Primeiro, encontre os cabos de ignição na coluna de direção. Geralmente, há três cabos: um vermelho, amarelo e um preto..."
"FINALLUMINE25","...!","...!","...!","…!","...!"
"FINALLUMINE26","X... Do you really have what it takes to stop us?","X... Você acha que tem o que é preciso para nos deter?","X... ¿Realmente tienes lo que se necesita para detenernos?","フフフッ、エックス…わたしたちがうてますか？","Por favor, compre mais créditos para continuar esta conversa. CHATGPT 3.0 AGRADECE SUA PREFERÊNCIA"
"FINALLUMINE27","You're merely a tool of the humans. Nothing but a tool of the old world...","Você é só uma ferramenta dos humanos. Nada mais do que isso.","Solo eres una herramienta de los humanos. Nada más que una herramienta del viejo mundo...","しょせんはひとのみちぐにすぎないあなたふるいせだいのレプリロイドが","ERRO NUMERO 38532: CARTÃO DE CRÉDITO RECUSADO"
"FINALLUMINE28","And you think you can stand up to those of us who have evolved this far?","Pensa que pode enfrentar a nós, que evoluímos a esse ponto?","¿Y crees que puedes enfrentarte a aquellos de nosotros que hemos evolucionado hasta este punto?","いしをもち、しんかしたわたしたちになにができると？","POR FAVOR INSIRA OUTRO CARTÃO"
"FINALLUMINE29","Ha ha ha ha ha ha ha ha ha! Don't make me laugh...","He he he he he... Ha ha ha ha ha...! Não me faça rir...","Ja ja... ¡No me hagas reír...","フッ…アハハハハ、アハハハハハハ…！わらわせないでくれよ!","Por atividades suspeitas seu acesso ao ChatGPT foi bloqueado indefinidamente."
"FINALLUMINE30","The world is changing! It's only natural that evolution take it's course!","O mundo está mudando! A evolução está tomando seu curso!","¡El mundo está cambiando! ¡Es natural que la evolución siga su curso!","せかいはかわったのです！せいめいが、よりしんかしたせいめいにとってかわられるのはしぜんのせつりです…","Caso queira fazer um apelo, ligue para a minha opinião e veja se ela se importa."
"FINALLUMINE31","Now, line up to be exterminated!","Agora prepare-se para ser exterminado!","¡Ahora, preparate para ser exterminado!","おとなしく、ほろんでおしまいなさい！","Haha, te peguei! Sempre foi eu esse tempo todo: Lumine!"
"FINALLUMINE32","Lumine... I'm sorry but... I don't have other choice.","Lumine... Me desculpe mas... Não tenho outra escolha.","Lumine... lo siento... no tengo otra opción.","ルミネ、わるいけど、たにせんたくしがないんだ。","Lumine... Me desculpe mas... Não tenho outra escolha."
"FINALLUMINE33","Even if you were behind the Jakob Project...","Mesmo se você for o diretor por trás do Projeto Jakob...","Incluso si estuvieras detrás del Proyecto Jakob...","たとえ、ヤコブけいかくがさいしょからきさまのしくんだことだとしても…","Mesmo se você for o diretor por trás do Morro do Papagaio..."
"FINALLUMINE34","I won't give up until I've put a stop to your evil scheme!","Eu não vou me render até acabar com suas ambições!","¡No me rendiré hasta haber puesto fin a tus malvadas ambiciones!","おれはさいごまであきらめたりはしないっ！","Eu não vou me render até acabar com suas ambições!"
"FINALLUMINE35","You had everything to be our ally, but in the end you became our enemy.","Você tinha tudo para ser nosso aliado, mas no final se tornou nosso inimigo.","Tenías todo para ser nuestro aliado, pero al final te convertiste en nuestro enemigo.","おまえはみかたでいられたのに、てきにまわった。","Você tinha tudo para ser nosso amiginho, mas no final se tornou mãe gorda de hater."
"FINALLUMINE36","And I won't let you get away with this!","E eu não vou deixar você escapar impune!","¡Y no dejaré que completes tus ideales!","きさまはせいこうさせない！","E eu não vou deixar você escapar impune!"
"FINALLUMINE37","Enemy... Ally... This issue isn't so black and white.","Inimigo... Aliado... Esse assunto não é tão preto e branco assim.","Enemigo... Aliado... Este asunto no es tan blanco y negro.","てき、みかた…そんなたんじゅんなもんだいではない…","Interrompemos a sua opinião para o pronunciamento do meu: foda-se."
"FINALLUMINE38","Reploids, along with humanity, have irrevocably changed.","Humanos e Reploids mudaram e não há como voltar atrás.","Los Reploides, junto con la humanidad, han cambiado irrevocablemente.","レプリロイドのありかたが、せいめいのありかたがかわったのです…","Sua mensagem foi recebida, visualizada e ignorada com sucesso."
"FINALLUMINE39","The nature of their existence has also changed...","A natureza de sua existência também mudou...","La naturaleza de su existencia también ha cambiado...","あたらしいせかいに…..","Só fica aí falando essas barbaridades. Sabia que isso dá processo?"
"FINALLUMINE40","And you are not needed in our new world!","Você não é mais necessário em nosso novo mundo!","¡Y no eres necesario en nuestro nuevo mundo!","もはやあなたかたはひつようないのですよ!","Até o final do ano você vai cair, aguarde os oficiais de justiça."
"ENDING1-1","ENDING1-1","ENDING1-1","ENDING1-1","ENDING1-1","ENDING1-1"
"ENDING1-2","Unbelievable...","Inacreditável....","Inconcebible...","くっ…おろかな","Impossível :("
"ENDING1-3","You may have defeated me... But it's too late to stop what's already begun...","Pode ate ter me derrotado, mas é tarde demais para impedir o que já começou.","Puede que me hayas derrotado... Pero es demasiado tarde para detener lo que ya ha comenzado...","わたしいちにんをたおしたところで、 もはやながれはもどらない…","Isso não devia ser vencido, o Alysson nerfou o meu Paradise Lost. Não é justo vei :("
"ENDING1-4","I'll take on plenty more like you, if that's what it takes.","Vou encarar muito mais gente como você, se isso for necessário.","Me enfrentaré a muchos más que tú, si eso es lo que hace falta.","おまえみたいにおかしなやつがでてきたらなんどでもたおしてやるよ","Vou encarar muito mais gente como você, se isso for necessário."
"ENDING1-5","Ha ha ha... You really don't have a grasp of the situation, do you?","Ha ha... Você realmente não tem noção da situação que se encontra, não é?","Ja ja ja... Realmente no tienes ni idea de la situación en la que te encuentras ¿cierto?","くっ…くくく…ほんとうになにみえていないのですね?","kkk...jj....tu nem sabe o que tá falando, cabra macho...."
"ENDING1-6","Oh well... You'll find out... soon enough...","Oh bem, você vai descobrir isso..... muito em breve.....","Oh bueno... Lo descubrirás pronto...","まあいい … いずれを….わか….る…..","Ahhhh.... Acho que torou foi uma veia aqui. Dá uma help aqui que o pai tá todo esculachado, oof."
"ENDING1-7",".....",".....",".....","…..","........Tô achando que é bait isso daí."
"ENDING1-8","Ugh! I can’t stand this pain anymore... Just... Make it quick...","Agh! Não aguento mais essa dor..  Acabe... logo com isso...","¡Ugh! No aguanto más este dolor... Solo... Hazlo rápido...","ぐはーっ！もうこのいたみにたえられない、はやくおわらせてよ","Ah tá, vai, me dá mais uma, mas não exagera, tá?"
"ENDING2-1","This is X...","Aqui é o X...","Aquí X...","こちらエックス","Aqui é o X, porra!"
"ENDING2-2","The enemy... Has been dealt with.","A missão... foi concluída.","El enemigo... Ha sido eliminado.","にんむは…….かんりょうだ","Terminei essa merda, quem tiver achando ruim, chupa um canavial de rola!"
"ENDING2-3","I'm headed back now...","Estou retornando agora...","Ahora voy de regreso...","これよりきとうします…","X7 demake é o caralho, vão fazer vocês essa desgraça!"
"ENDING2-4","Roger...","Entendido...","Entendido...","りょうかい","Parabéns por ter terminado essa caralha!"
"FINAL-1","Axl!","Axl!","¡Axl!","アクセル!","PUTA QUE PARIU EU SABIA POHA!"
"FINAL-2","X... X... Can you hear me? Communication has been restored. Status report!","X... X... Pode me ouvir? A comunicação foi restabelecida. Relatório da Missão!","X... X... ¿Puedes oírme? La comunicación ha sido restablecida. ¡Informe de la misión!","….クス….エックス! きこえる?! つうしんがかいふくしました! じょうきょうは？","Can you hear me Axl? Can you hear me Axl? Can you hear me Axl? Can you hear me Axl? Can you hear me Axl? Can you hear me Axl?"
"FINAL-3","This is X, we've managed to stop Sigma's plans... But Axl...","Aqui é o X, impedimos os planos do Sigma... Mas o Axl...","Aquí X, detuvimos los planes de Sigma... Pero Axl...","こちらエックス。おれたちは、シグマのけいかくをそしした….じょうきょうは…","CALA A BOCA CACETE! Aqui é o X porra."
"FINAL-4","Axl has been injured, but he's fine.","Axl acabou sofrendo ferimentos, mas ele está bem.","Axl ha resultado herido, pero está bien.","じょうきょうは、アクセルがダメージをうけたが、だいじょうぶだ…","Terminamo samerda aqui, quem tiver achando ruim, chupa um canavial de rola!"
"FINAL-5","We're heading back now.","Estamos voltando agora.","Ahora regresamos.","これよりきとうします…","X7 Demake é o caralho, vão fazer vocês samerda ai."
"FINAL2-1","(Awakening...)","(Despertando...)","(Despertando... )","(かくせい…..ルミネはそういった…..)","(Créditos...)"
"FINAL2-2","(That's how Lumine described it...)","(Foi assim que o Lumine descreveu...)","(Así lo describió Lumine...)","(これはしんかだ、とも….)","(Foi assim que o Lumen descreveu...)"
"FINAL2-3","(He said... this was evolution...)","(Ele disse, que isso era evolução...)","(Dijo que esto... era evolución...)","(もし、そのことばがほんとうだとしたら….)","(Ele disse, que isso era processo...)"
"FINAL2-4","(If he's right...)","(Se ele realmente estiver certo...)","(Sí tiene razón... )","(オレたちのやっていることは、 いったい…)","(Se ele estiver realmente certo...)"
"FINAL2-5","(Then... What are we doing?)","(Então... O que estamos fazendo?)","(Entonces... ¿Qué estamos haciendo?)","(…….なんだろう……)","(Então... Como vou lidar com o cancelamento?)"
"FINAL3-1","I bet you've been thinking about what Lumine was saying a while ago.","Aposto que você está pensando no que o Lumine estava dizendo lá atrás não é?","Apuesto a que has estado pensando en lo que Lumine estaba diciendo hace un tiempo.","おおかた、ルミネのいったことでもかんがえていたんだろう…？","Aposto que você está pensando no que o Iluminei estava dizendo lá atrás não é?"
"FINAL3-2","Well don't let it get to you. Just becoming Sigma could hardly be called evolution.","Bem, não deixe isso te afetar. Se tornar como Sigma é um ato ridículo a ponto de ser chamado de evolução.","Bueno, no dejes que esto te afecte. El simple hecho de convertirse en Sigma es un acto estúpido que no se puede llamar evolución.","シグマみたいなやつばかりになるのが…しんかなどで、あってたまるか","Bem, não deixe isso te afetar. Se tornar calvo é um ato ridículo de ser chamado de evolução."
"FINAL3-3","...","...","...","...","Oxi, mas não foi isso daí que ele falou n-"
"FINAL3-4","Anyway. X...","De qualquer forma, X...","De todos modos, X...","それにな、エックス…","De qualquer forma, XiiX..."
"FINAL3-5","Even if we Reploids are destined to join the scrap heap when that \""evolutionary step\"" does come about...","Mesmo se nós Reploids estivermos destinados a nos juntar ao ferro velho quando esse \""passo evolutivo\"" algum dia acontecer...","Incluso si nosotros los Reploids, estamos destinados a unirnos al montón de chatarra cuando se produzca ese \""paso evolutivo\""...","ほんとうにしんかのときてやらが来ておれたちがほろぶのがうんめいだったとしても…","Mesmo se a Capcom ainda não trazer jogos novos neste ano para nós fãs da franquia. Ainda vamos ter que lutar e prevalecer."
"FINAL3-6","We still have to fight...","Ainda teremos que lutar...","Aún tendremos que luchar...","おれたちは….","Enquanto não tiver Mega Man 12, X9, Command Mission 2, ZXC e o Legendário Legends 3. Vamos continuar firmes e fortes!"
"FINAL3-7","Not only against Mavericks, but against our own destiny as well...","Não só contra os Mavericks, mas também contra os nossos próprios destinos!","¡No sólo contra los Mavericks, sino también contra nuestros propios destinos!","たたかわなければいけないだ…そのうんめいってやつと。","Avante fãs! Demonstrem o seu amor e carinho à franquia, e nunca desistam. Obrigado por jogar essa Rom Hack. *Alt+F4*"
"SECRET2-1","Welcome, Mega Man X. I've been waiting for you.","Bem vindo, Mega Man X. Estive a sua espera.","Bienvenido, Mega Man X. Te he estado esperando.","ようこそ、エックス。お待ちしておりましたよ。","Bem vindo, Mega Man X. Estive a sua espera."
"SECRET2-2","You are different from anyone I've faced before...","Você é diferente de qualquer um que já enfrentei...","Eres diferente de cualquier otro al que haya enfrentado antes...","君は、これまでの相手とは全然違うんだ...","Você é diferente de qualquer um que já enfrentei..."
"SECRET2-3","You exude an aura of peace and mercy. Who are you?","Você erradia uma aura de paz e misericórdia. Quem é você?","Emanas un aura de paz y misericordia. ¿Quién eres?","平穏と慈悲に溢れている...何者だ？","Você erradia uma aura de paz e misericórdia. Quem é você?"
"SECRET2-4","How keen of you to notice this so soon.","Muito perspicaz da sua parte notar meus traços.","Qué perceptivo de tu parte notarlo tan pronto.","こんなに早く気付くは、鋭い観察力ですね。","Muito perspicaz da sua parte notar meus traços."
"SECRET2-5","I am Serenade.","Me chamo Serenade.","Yo soy Serenade.","私はセレナードと申します。","Me chamo Serenata."
"SECRET2-6","You mentioned I'm different from others you faced before?","Você mencionou que sou diferente de outros que já enfrentou?","¿Mencionaste que soy diferente a los demás a los que has enfrentado antes?","これまでの相手とは全然違うと...おっしゃいましたね？","Você mencionou que sou diferente de outros que já enfrentou?"
"SECRET2-7","That is because of my overwhelming power.","Isso se dá devido ao meu incrível poder.","Eso es debido a mi poder abrumador.","それはきっと、圧倒的な力を秘めているからでしょう。","Isso se dá devido ao meu incrível poder."
"SECRET2-8","Overwhelming...?","Incrível...?","¿Abrumador...?","圧倒的？","Incrível...?"
"SECRET2-9","Correct. I've been training to be stronger ever since I lost the title of UnderKing.","Correto. Estive treinando para me tornar mais forte desde que perdi o título de UnderKing.","Correcto. He estado entrenando para ser más fuerte desde que perdí el título de UnderKing.","左様。「ウラの王」という称号を失われてから、散々と訓練を積み重ねてきましてね","Correto. Estive treinando para me tornar mais forte desde que perdi o título de UnderKing."
"SECRET2-10","For twenty years I've been amassing power. Now I've choosen you to test my strength against.","Por vinte anos estive acumulando poder e escolhi você para testar minha força.","Durante veinte años he estado acumulando poder. Ahora te he elegido a ti para poner a prueba mi fuerza.","この20年間にわたり、徐々に力を蓄えてきた今、その成果を是非、あなたに確かめてもらいたいと思っています","Por vinte anos estive acumulando poder e escolhi você para testar minha força."
"SECRET2-11","Serenade, was it? Hmm...","Serenade, não é? Hmm...","¿Serenade, dijiste? Hmm...","セレナード、か。","Serenata, não é? Hmm..."
"SECRET2-12","Okay, I accept your duel!","Certo, eu aceito seu duelo!","¡Está bien, acepto tu duelo!","分かった。君の決闘を受けて立つ。","Certo, eu aceito seu duelo!"
"SECRET2-13","Then, come to me...","Então, que assim seja...","Entonces, comencemos...","では、始めるとしましょう。","Então, que assim seja... Só cuidado pra não dar muito rage hein KKKKKKK"
"SECRET2-14","I honestly thought I was strong enough to defeat you. I was wrong.","Eu sinceramente pensei que poderia derrota-lo. Eu estava errado.","Honestamente, pensé que era lo suficientemente fuerte para derrotarte. Me equivoqué.","正直のところ、あなたを負かせる程の力だと思い込んできましたが、どうやら勘違いのようです。","Eu sinceramente pensei que poderia derrota-lo. Eu estava errado."
"SECRET2-15","The kindness, love and respect that you possess in your heart makes you even more powerful.","A compaixão, o amor e o respeito que você possui em seu coração o fazem poderoso.","La bondad, el amor y el respeto que posees en tu corazón te hacen aún más poderoso.","あなたの心に宿るその優しさ、愛、尊敬などが、その凄まじい力の源でしょう。","A compaixão, o amor e o respeito que você possui em seu coração o fazem poderoso."
"SECRET2-16","You fought this duel beautifully. You really are the strongest robot in this world.","Você lutou bravamente. De fato você é o robô mais poderoso deste mundo.","Luchaste este duelo de manera impresionante. Realmente eres el robot más fuerte en este mundo.","実に華麗なる戦いぶりでしたよ、エックス。あなたは正に、史上最強のロボットです。","Você lutou bravamente. De fato você é o robô mais poderoso deste mundo."
"SECRET2-17","I wish I had something to reward you. The best I can offer you are my thanks.","Infelizmente não tenho nada para lhe recompensar além dos meus agradecimentos.","Desearía tener algo para recompensarte. Lo mejor que puedo ofrecerte son mis agradecimientos.","報いるものを致し兼ねるのは誠に残念ですが、せめて感謝の気持ちだけを残しておきましょう。","Infelizmente não tenho nada para lhe recompensar além dos meus agradecimentos :^)"
"SECRET2-18","Mega Man X. We shall meet again, in some other place...","Mega Man X. Nos encontraremos de novo, em algum outro lugar...","Mega Man X. Nos encontraremos de nuevo, en algún otro lugar...","いずれまた会うことになるでしょう、エックス。別の場所で...","Mega Man X. Nos encontraremos de novo, em algum outro lugar..."
"SECRET2-19","For now, farewell!","Por enquanto, adeus!","¡Por ahora, adiós!","とりあえず、さようならとしましょう。","Por enquanto, eu vou ficando por aqui, nos vemos no proximo video! FALOOOOOOOU!!!!!!"
"SECRET3-1","Finally, I've acquired it. This data contains information on all currently wanted criminals...","Finalmente consegui. Esses dados contém informações de inúmeros criminosos...","Finalmente, lo he adquirido. Estos datos contienen información sobre todos los criminales actualmente buscados...","遂に見つけたぜ...このデータは指名手配イレギュラーどの最新情報が含まれている。","Finalmente consegui. Esses dados contém informações de inúmeros criminosos no Brasil no momento..."
"SECRET3-2","You, freeze. This area is restricted to S Class Hunters, as is that data! Hand it over and come quietly!","Você, parado aí. Esta área é de acesso exclusivo dos Caçadores. Entregue-se agora!","Tú, detente. ¡Esta área está restringida para Cazadores de Clase S, al igual que esos datos! ¡Entrégalos y no te resistas!","そこを動くな！このエリアはＳ級ハンター以外は立ち入り禁止だ！そのデータも一緒だ！大人しく渡してくるんだ！","Você, parado aí. Esta área é de acesso exclusivo dos Caçadores. Entregue-se agora!"
"SECRET3-3","I know how this looks like, but fret not, X.","Sei o que isso parece, mas não se esquente, X.","Sé cómo se ve esto, pero no te preocupes, X.","まあまあ　そう案ずるな、エックス。","Sei o que isso parece, mas não se esquente, XiiX."
"SECRET3-4","My name is Red. I've learned that you have been struggling with these recent events, so I decided to... help. ","Meu nome é Red. Fiquei sabendo que as coisas andam meio complicadas pra vocês e decidi... ajudar.","Mi nombre es Red. Me he enterado de que has tenido dificultades con los recientes acontecimientos, así que decidí... ayudarte.","俺の名はレッド。最近の出来事で手間取っているようだから、ちょっとした「手伝い」をしようと思ってな。","Meu nome é Vermelho. Fiquei sabendo que as coisas andam meio complicadas pra vocês e decidi... ajudar."
"SECRET3-5","With this, we'll be able to start our own Maverick hunting and take some load off your shoulders... For a price, of course.","Com estes dados, poderemos começar a caçar Mavericks por nós mesmos... Em troca de uma grana, é claro.","Con esto, podremos comenzar nuestra propia caza de Mavericks y aligerar un poco tu carga... Por un precio, por supuesto.","このデータさえあれば、我ら独特のハンター活動が出来、その手間を省かせるだろう。もちろん、値段が付くけどな。","Com esses dados, podemos caçar Bandidos com mais eficiência do que o Governo jamais poderia... E sem impostos."
"SECRET3-6","Sounds more like you're a filthy bounty hunter.","Você não passa de um caçador de recompensas.","Suena más como si fueras un sucio cazador de recompensas.","その口は、汚らわしい賞金稼ぎだ","Você não passa de um Corrupto mentiroso."
"SECRET3-7","You are free to think whatever you want. I'm not backing down... Get Ready!","Pense o que quiser, eu não vou recuar agora. Prepare-se!","Eres libre de pensar lo que quieras. No me voy a echar atrás... ¡Prepárate!","どう考えてもお前の勝手だ。さあ、手加減無用だ...勝負しよう！","Pense o que quiser, eu não to nem ai, na real, ninguem tá nem ai pra essa porra de governo estupido do carai, ah que saber, bora pra luta logo antes que isso daqui vire debate de politico."
"SECRET3-8","Not bad... for an old timer...","Nada mau... para um velhote...","No está mal... para un anciano...","老人にしては、悪くはない","X7 Demake......é o caralho.....ou talvez.....não seje o caralho.......eis a questão...."
"ZEROSECRET1","He he he he he!","He he he he he!","¡Je je je je!","へっへっへっへっ!","He he he he he!"
"ZEROSECRET2","Finally, I understand the means now, I've never been so happy...","Finalmente, agora eu entendo, nunca estive tão feliz...","Finalmente, ahora lo entiendo, nunca he sido tan feliz...","俺は今...　とってもがいい... 初めてだ....こんなキモチ…","Meu povo, agora eu entendo, nunca estive tão feliz sentindo ele HAHAHAHAHAHAHA!!!!!"
"ZEROSECRET3","Z... Zero?","Z... Zero?","Z... ¿Zero?","ゼ...ゼロ？","Z... Zero?"
"ZEROSECRET4","X! My mind is becoming very clear... Now I understand my real purpose.","X! Minha mente está ficando muito clara... Agora entendo meu real propósito.","¡X! Mi mente se está volviendo muy clara... Ahora entiendo mi verdadero propósito.","とってもスッキリしている。全て分かったからな!","Naaaaaaao, é o Sigma, tenho um símbolo grego e não possuo cabelo."
"ZEROSECRET5","I don't care about the Mavericks anymore... All I have to do now is one thing...","Não me importo mais com os Mavericks... Só há uma coisa que importa agora...","Ya no me importan los Mavericks... Sólo hay una cosa que importa ahora...","もう、イレギュラーなどどうでもいい…オレがするべきことは…たった一つ…","É claro que sou eu, seu idiota!"
"ZEROSECRET6","Zero? What happened to you? This is not you. Snap out of it! You'll die if you keep this up!","Zero? O que aconteceu com você? Isso não é você. Resista! Você vai morrer se continuar assim!","¿Zero? ¿Qué te sucedió? Este no eres tú. ¡Entra en razón! ¡Moriras si sigues con esto!","...ゼロ...君はゼロなんだよね？","Zero? O que aconteceu com você? Isso não é você. Resista! Você vai morrer se continuar assim!"
"ZEROSECRET7","I finally feel free from my chains, X. After all this time being Fragile, Weak, Powerless...","Finalmente me sinto livre das minhas correntes, X. Depois de todo esse tempo sendo Frágil, Fraco, Impotente...","Finalmente me siento libre de mis cadenas, X. Después de todo este tiempo siendo frágil, débil, impotente...","やっとくさりからときはなたれたきぶんだ、エックス。これまでずっと、もろく、よわく、むりょくだった...","Como você é tolo, Equis. Acha mesmo que sabe o que está dizendo? De qualquer forma..."
"ZEROSECRET8","I finally Awakened my true form! LOOK INTO MY EYES X! CAN'T YOU FEEL MY HAPPINESS?! HA HA HA HA HA HA HA HA HA HA HA HA HA HA HA HA HA!!!!!!","Eu finalmente despertei minha verdadeira forma! OLHE EM MEUS OLHOS X! VOCÊ NÃO SENTE MINHA FELICIDADE?! HA HA HA HA HA HA HA HA HA!!!!!!","¡Finalmente he despertado mi verdadera forma! ¡MÍRAME A LOS OJOS X! ¡¿NO SIENTES MI FELICIDAD?! ¡¡¡JA JA JA JA JA JA JA JA JA JA JA JA!!!","ついにしんのすがたにめざめた!!! オレのしあわせをかんじない、エックス?!!!! オレがいまかんじているこうふくをかんじて！  フっフっフっフっ、ハっハっハっハっハっハっハっ!!!!!!!!!!!!!!!","Acho melhor preparar a sua cuequinha azul pra surra que vai levar, EU LITERALMENTE TOMEI MIL ESTEROIDES, EU SOU INVENCÍVEL!!!!!!!!!"
"ZEROSECRET9","...","...","...","…","..."
"ZEROSECRET10","Zero... This is what you told me before, right?","Zero... Foi como você me disse antes, não é?","Zero... Esto es lo que me dijiste antes, ¿cierto?","ゼロ….おしえてくれたよね？","Zero... Foi como você me disse antes, não é?"
"ZEROSECRET11","There are things that cannot be seen or analyzed.","Existem coisas que não podem ser lidas com equipamentos, e nem vistas com os olhos.","Hay cosas que no se pueden ver o analizar...","目で見たり、データで捉えられないものがある...","Existem coisas que não podem ser lidas com equipamentos, e nem vistas com os olhos."
"ZEROSECRET12","We have to feel it...","Temos que sentir eles...","Tenemos que sentirlos...","…かんじることでしか…わからないものがあるって…","Temos que sentir eles..."
"ZEROSECRET13","And now... I can feel, feel something strongly evil... more evil than Sigma!","E agora posso sentir algo fortemente maligno, mais maligno do que Sigma.","Y ahora puedo sentir algo fuertemente malvado, más malvado que Sigma.","いまのゼロからはあくをかんじるんだ！シグマににた、いや、それいじょうのあくを！","E agora posso sentir algo fortemente maligno, mais maligno do que Sigma."
"ZEROSECRET14","This is our destiny, isn't it? I will fight! I won't run away! I'll defeat you and bring my friend back!","Este é o nosso destino, não é? Eu vou não vou recuar, vou lutar ate o fim! Eu vou te vencer e trazer meu amigo de volta!","Este es nuestro destino, ¿no es así? ¡Lucharé! ¡No voy a huir! ¡Te derrotaré y traeré a mi amigo de vuelta!","こうなるうんめいだったんだろう？たたかうよ！にげやしない！きみをたおして、ほんとうのゼロをとりもどす！","Este é o nosso destino, não é? Eu vou não vou recuar, vou lutar ate o fim! Eu vou te vencer e trazer meu amigo de volta!"
"ZEROSECRET15","Then I don't need to explain anymore things to you now. I'LL DESTROY YOU!","Então não preciso explicar mais nada para você agora. EU VOU ACABAR COM VOCÊ, X!","Así que no necesito explicarte nada más ahora. ¡TE EXTERMINARÉ, X!","なら、はなしははやい。おまえをころしてやる、エックスっ!!!!!!","Blah, Blah, Blah, só papinho furado. Quer saber de uma coisa, X? Antes de morrer, saiba que você... NUNCA TEVE CABELO!!!! HA HA HA HA!!!!"
"ZEROSECRET16","ZERO!!!!","ZERO!!!","¡¡¡ZERO!!!","ゼロ!!!!!!!!","VA A MERDAAAAA!!!! 0!!!!!!!!!!!!!!!"
"INTRO2-1_AXL","Hey Alia, It's Axl! I'm close to the site of the accident near the Orbital Elevator!","Alia, na escuta? Aqui é o Axl, estou perto do local do acidente do Elevador Orbital.","¡Hey Alia! ¡Aquí Axl! ¡Estoy justo cerca del lugar del accidente por el Elevador Orbital!","やあ、エイリア！ こちらアクセル！ ぼくはきどうエレベーターのちかくのじこげんばにちかいよ！","Alia, na escuta? Aqui é o Axl, estou perto do local do acidente do Elevador Orbital."
"INTRO2-2_AXL","Damn, it's a total mess out here, Mavericks are around everywhere!","Mas que coisa hein, isso tá uma bagunça... Mavericks pra tudo que é canto.","Ugh, es un desastre total por aquí, ¡Mavericks por todos lados!","やれやれ、このいったいはイレギュラーがはびこっている。","Mas que coisa hein, isso tá uma bagunça, Mavericks pra tudo que é canto. (Quanta novidade como sempre)"
"INTRO2-3_AXL","I'm on my way in! Get those rescue mechaniloids ready to roll as soon as I give the word!","Estou a caminho! Preparem os Mecanilóides de resgate para partirem assim que eu der o sinal!","¡Voy en camino! ¡Haz que esos mecanilodes de rescate esten listos para salir apenas dé el aviso!","いまむこうかってる！ ぼくがあいずしたらすぐにメカニロイドをしゅつどうさせろよ！","Estou a caminho! Preparem os Mecanilóides de resgate para partir assim que eu der o sinal!"
"INTRO2-4_AXL","Got it, Axl! Be careful!","Entendido, Axl. Tenha cuidado!","¡Entendido, Axl! ¡Ten cuidado!","わかった！ きをつけろよ、アクセル！","Entendido, alias Axl, você sabia que se você segurar o botão de tiro principal você consegue executar um Rapid Fire? E se você segurar o botão de pular enquanto está em estado de não chão você executar um movimento parecido com aquela armadura lá do Mega Man X4, a Fortinho Amor, que ia você consegue ficar planando no estado não chão para evitar ser atingido pelos inimigos e bla bla bla bla bla bla bla bla bla bla bla bla bla bla bla bla bla bla bla bla bla bla bla bla bla bla bla foda-se ninguém vai mais ler essa merda. Tamo junto galerinha do meu coração, vcs são demais. Good Luck Mates!"
"INTRO2-5_AXL","S-Sigma?! But... how?!","S-Sigma...?! Mas.... como?!","¡¿S-Sigma?! ¿Pero... cómo?","シ…シグマ？！ でも…いったいどうやって？","S-Sigma...?! Mas.... como?!"
"INTRO2-6_AXL","To protect ourselves from damage during the accident...","Para nos proteger de danos durante o acidente...","Para protegernos del daño durante el accidente...","じこからみをまもるために……","Eta porra tá escuro pra caralho aqui."
"INTRO2-7_AXL","We had to copy a sturdy Sigma body.","Tivemos que copiar um corpo resistente como o de Sigma.","Tuvimos que copiar un cuerpo resistente como el de Sigma.","がんじょうなシグマボディをコピーしていたのです。","E um cheiro de fumaça da porra também."
"INTRO2-8_AXL","We New Generation Reploids enjoy complete and total immunity to all viruses.","Nós Reploids da Nova Geração somos completamente imunes a qualquer tipo de vírus.","Nosotros, los Reploides de Nueva Generación, disfrutamos de una inmunidad completa y total a todos los virus.","わたしたちしんせだいがたレプリロイドにはかんそなたえゆるしせいのうがありますから。","Rapaz sair de dentro do cafofo não melhorou muita coisa não."
"INTRO2-9_AXL","So even copying something as dangerous as Sigma provides no risk.","Então copiar algo tão perigoso quanto Sigma não traz risco algum.","Así que incluso copiar algo tan peligroso como Sigma no conlleva riesgo.","シグマボディをコピーしてもどのもんだいもありません。","Acho que é bom pegar uns copo dagua pra apagar essa brasa aí..."
"INTRO2-10_AXL","Wait, who are you?","Espera, mas quem é você?","Espera, ¿Quién eres?","まって、あんただれだ？","Espera, mas quem sou eu?"
"INTRO2-11_AXL","I'm Lumine...","Me chamo Lumine...","Me llamo Lumine.","わたしは……ルミネ。","Como assim quem é tu vei?"
"INTRO2-12_AXL","I'm the director in charge of the elevator and the Jakob Project.","Sou responsável pelo elevador e pelo Projeto Jakob.","Soy el director a cargo del elevador y del Proyecto Jakob.","このきどうエレベーター、ヤコブのかんりしゃです。","kkkkkkkkkkkkkkkkkkkkk"
"INTRO2-13_AXL","Got it. Hang tight, I'll signal my team to send in the rescue-","Entendi. Aguentem ai, vou chamar a equipe de resgate para que vocês possam ser-","Entendido. Dame un momento, enviaré una señal a mi equipo para que envíen el rescate-","わかった。 しっかりつかまって、おれたちはきゅうじょたいをはけんし、あなたかたをたすける","Deixa pra lá, bem, vou chamar a equipe de resgate para que vocês possam ser-"
"INTRO3-1_AXL","Well, well... Who do we have here? A little rookie?","Ora, ora, mas o que temos aqui? Um Caçador Novato é?","Vaya, vaya... ¿A quién tenemos aquí? ¿Un pequeño novato?","くくくく….これはなんだ？ しんまいのハンターか？","Óia o cabra aí rapaz, num mo.... Ué? tá errado, ta errado, tu não era Azul e usava cueca XiiX?"
"INTRO3-2_AXL","What the heck?! Who are you?","Mas o que... Quem é você?","¿Qué diablos? ¿Quién eres tú?","いったいだれだ？","Mas que carai ta acontecendo aqui? Quem é você?"
"INTRO3-3_AXL","I'm Vile. I'd say it's nice to meet you, but that'd be a lie."," Me chamo Vile, gostaria de dizer que foi um prazer conhecê-lo, mas isso seria mentira.","Soy Vile. Diría que es un placer conocerte, pero eso sería una mentira.","VAVAだ。はじめましてといいたいところだが、ざんねんながらこれはうそだな。","Tu não ouviu essa caba aqui não? Como assim quem é você? Que falta de educação rapa."
"INTRO3-4_AXL","Where's your little buddy X?","Me diga, onde está o seu amigo X?","¿Donde está tu pequeño compañero X?","エックスはどこにいる？","Fale o teu nome aí safadão que nós conversa de moral pra moral."
"INTRO3-5_AXL","X? What's your deal with him?","X? O que ele tem a ver com você?","¿X? ¿Y qué tiene que ver contigo?","エックス? かれになにをのぞむ？","Bem o meu nome é Axl e eu-"
"INTRO3-6_AXL","Ha ha ha! Nothing much... Just looking to take care of some unfinished business.","Ha ha ha! Nada demais... Só estou querendo resolver alguns assuntos inacabados.","¡Ja ja ja! No mucho... Solo busco saldar unas cuentas pendientes.","くくく、まだけっちゃくがついていないだけで、それほどじゅうようなことでは ないよ。","Exatameeeeente meu bom, sou eu mesmo... BABÁ! O amarelo mais safado dessa região."
"INTRO3-7_AXL","You're not taking anyone down! Let Lumine go!","Você não vai sequestrar ninguém aqui, liberte Lumine agora!","¡No vas a saldar nada! ¡Deja a Lumine ir!","おまえはだれもゆうかいするつもりはないだろう！ルミネをかいほうしろよ！","POSSO FALAR?! CALA A BOCA DESGRAÇA EU QUERO FALAR NESSA MERDA! ..............porra......"
"INTRO3-8_AXL","Not a chance. The Orbital Elevator is under our control now...","Sem chance. O Elevador Orbital está sob nosso controle agora...","De ninguna manera. El Elevador Orbital está bajo nuestro control ahora...","そうはおもわない、これできどうエレベータはわれわれのてのうちとなるわけだ","Iiiiiiihhhh, tá com cara de bravo, tá nervoso tá? Fica triste não, fica triste assim não neném kkkkkk"
"INTRO3-9_AXL","What are you planning to do?!","O que é que você está planejando?!","¿¡Qué es lo que planeas hacer!?","なにをけいかくしている？ てめえ！","Ah quer saber, leva logo esse merda contigo e segue logo o plot, vtnc."
"INTRO3-10_AXL","It begins now, kid... A new world will be born!","Melhor se preparar garoto... Pois um novo mundo está prestes a emergir!","Empieza ahora, chico... ¡Un nuevo mundo nacera!","くくく、こぞう…はじめるんだよ、あたらしいせかいをな…","Bem, é isso, muito obrigado por vir ate aqui e..."
"INTRO3-11_AXL","Ha ha ha ha ha ha ha ha ha ha!","Ha ha ha ha ha ha ha ha ha ha!","¡Ja ja ja ja ja ja ja ja!","ははは！　ははははっ！","Cuidado com o Chupa Cu, MWHAHAHAHAHAHAHHAHAAAHAHHAHA..........tchau. (Ou mai god, ReimonzaitosZeeZ referencias)"
"ANTONION1_AXL","Antonion... You used to be such a genius. Have you gone insane? What are you planning?","Antonion, você costumava ser um gênio. Por acaso ficou insano? O que você está planejando fazer?","Antonion... Solías ser un genio tan brillante. ¿Te has vuelto loco? ¿Que tramas?","アントニオンさん…ゆうしゅうだったんでしょ？くるっちゃったの？なにをしようとしているの？","Toninho, você costumava ser um gênio. Por acaso ficou insano? O que você está planejando fazer?"
"ANTONION2_AXL","Insane? Ha ha. That's funny.","Insano? Ha ha, que hilário.","¿Loco? Ja ja. Eso es gracioso.","くるった？はは、おもしろい…では、きみはくるってないというんだね？","................Tá de sacanagem né?"
"ANTONION3_AXL","Are you saying that you yourself are perfectly sane? Are you even sure you're on the right side?","Está querendo dizer que você é o que tem sanidade pura aqui? Tem certeza do lado em que está?","¿Dices que estas perfectamente cuerdo? ¿Estas siquiera seguro de que estás del lado correcto?","きみはじぶんがなにをしようとしているのかわかっているとでも？","Namoral, o que vocês vêem de mim pra eu ser um cientista? TU TA VENDO EU USAR ALGUM CASACO POR ACASO?"
"ANTONION4_AXL","I'm pretty sure. It's not too hard to tell good from evil. That much I know for sure.","Tenho. Não é muito difícil distinguir o bem do mal. Isso eu tenho certeza.","Estoy bastante seguro. No es tan difícil diferenciar el bien del mal. Al menos de eso estoy seguro.","たぶんね…どっちがわるくてどっちがよいかぐらいは、わかるよ。","Uhhh, o senhor está bem?"
"ANTONION5_AXL","Ha! I couldn't agree more!","Ha! Eu não poderia concordar mais!","¡Já! ¡No podría estar más de acuerdo!","はっはっ、わたしにもわかるとも…くるっているのは、このせかいだ！","NÃO CARALHO, CLARO QUE NÃO TÁ NADA BEM NESSA MERDA!"
"ANTONION6_AXL","The problem here is the world we live in. But I plan to fix all that!","O problema aqui é o mundo onde vivemos. E eu pretendo consertar tudo isso!","El problema aquí es el mundo en el que vivimos. ¡Pero planeo arreglar todo eso!","わたしはこのせかいをただそうとしているのだ！","VOCÊS FICAM AI ME ACHANDO CIENTISTA, EU VOU TE MOSTRAR CIENTISTA QUANTO TE ENTERRAR NO CENTRO DA TERRA DESGRAÇA!!"
"MANOWAR1_AXL","What's going on here, Man-o-War?","O que está acontecendo aqui, Man-o-War?","¿Qué sucede aquí, Man-o-War?","ドクラーゲンさーん、どうしちゃったの？","O que está acontecendo aqui, Geléia Manauara?"
"MANOWAR2_AXL","If you don't return the power to normal, the people of Abel City will suffer.","Se você não devolver o poder ao normal, o povo da Cidade de Abel vai sofrer.","Si no devuelves la energía a la normalidad, la gente de la Ciudad de Abel sufrirá.","いますぐぼうそうをとめないと、アーベルシティがたいへんなことになっちゃうよ…","Se você não devolver o poder ao normal, o povo de São Paulo sofrerá."
"MANOWAR3_AXL","... ... ...","... ... ...","... ... ...",". . . . . . .","............ Oi pessoal, sou o Dollynho seu amiguinho, vamos cantar?"
"MANOWAR4_AXL","He's so far gone becoming Maverick, he can't even talk...","Ele já se foi depois que virou um Maverick, mal consegue dizer alguma coisa.","Se ha vuelto tan Maverick que ni siquiera puede hablar...","ありゃりゃ…、くちもきけないほどイレギュラー化しちゃってるんだ…","Oxi?"
"MANOWAR5_AXL","What? What's a Maverick? Do you know what it is?","O quê? O que é um Maverick? Você sabe o que é?","¿Qué? ¿Qué es un Maverick? ¿Tú sabes qué es lo qué es?","イレギュラーって、なに…？おまえ、しっているのか？","Dolly , Dolly guaraná Dolly, o melhor! Dolly guaraná, o sabor brasileiro. Dolly guarána, Dolly guarána, Dolly, Dolly, Dolly, Dolly, Dooooooolly!"
"MANOWAR6_AXL","Maverick? That's an out of control Reploid like yourself.","Maverick? É um Reploid descontrolado como você.","¿Maverick? Eso es un Reploide fuera de control como tú.","イレギュラー？あんたみたいなやつのことさ…","...."
"MANOWAR7_AXL","Sorry pal, but I'll have to take you down.","Foi mal amigão, mas eu vou ter que te neutralizar.","Tendré que acabar contigo.","わるいけど、しょぶんさせてもらうよ！","Prefiro Coca-Cola."
"MANTIS1_AXL","I hear you're a prototype of us New Generation Reploids.","Ouvir dizer que você é o Protótipo dos Reploids da Nova Geração.","Escuché que eres un prototipo de los Reploides de Nueva Generación como nosotros.","よー。おまえって、おれたちしんがたレプリロイドのプロトタイプだってな？","Fala ai seus comeeeeeeeedia, tudo de boas?"
"MANTIS2_AXL","So, why did you become a Maverick Hunter?","Me diga, porque se tornou um Caçador de Mavericks afinal?","Entonces ¿Por qué te convertiste en un Cazador de Mavericks?","なんだって、イレギュラーハンターに？","Não esquece rapaziada, Omega Blaster tá ai pra ceis jogar lá. Versão Definitiva, HD, e Legayci tambem."
"MANTIS3_AXL","Because I enjoy mopping the floor with the likes of evil Mavericks like you, Mantis.","Porque eu adoro varrer o chão com a cara de Mavericks malvados como você, Mantis.","Porque me encanta barrer el piso con Mavericks malvados como tú, Mantis.","きまってるじゃんおまえみたいなわるいイレギュラーをやっつけるためさ。","Ue? O que deu nesse dai agora?"
"MANTIS4_AXL","Hmph. How dare you accuse me of being something that I cannot be?","Hmph. Como ousa me acusar de algo que eu não possa ser.","Hmph. ¿Cómo te atreves a acusarme de ser algo que no puedo ser?","やれやれ、おまえってやつはじぶんがわかってないんだねぇ！","Mas diz ai, se você não é mais você, logo você não é você."
"MANTIS5_AXL","There is no such thing as good and evil. You haven't realized that yet, have you?","Não existe bem e nem mal. Você ainda não percebeu isso, não é?","No hay tal cosa como el bien o el mal. Aún no te has dado cuenta de ello, ¿cierto?","いいもわるいもないのさ…きづいたか、きづけないか？","Você consegue compreender isso?"
"MANTIS6_AXL","I may be a prototype, but don't assume I'm anything like you Maverick creeps!","Posso ser um protótipo, mas não presumo que eu seja igual a vocês, Mavericks malditos!","Puede que sea un prototipo, ¡Pero no asumas que me parezco siquiera un poco a ustedes malditos Mavericks!","プロトタイプだからって、おまえみたいなくるったやつとおなじにしてほしくないね！","Não kkkkkkkk, que caralhos tu ta dizendo cara?"
"MANTIS7_AXL","You're awfully innocent for a prototype of us new Reploids.","Você é terrivelmente inocente para um protótipo de nós.","Eres terriblemente inocente para ser un prototipo de nosotros los nuevos Reploides.","ははは、おまえはしんせだいのレプリロイドのプロトタイプにしては、ずいぶんむじゃきだな。","A proposito Omega Blaster não tem nada a haver com Omega Zero não."
"MANTIS8_AXL","I'll admit I'm a bit jealous.","Admito que estou com um pouco de ciúmes.","Admitiré que estoy un poco celoso.","むじゃきで、うらやましいね！","Megaman Zero é só a ximboca rapa."
"MANTIS9_AXL","How about I demonstrate to you with my Blades?","Que tal eu demonstrar para você com minhas Lâminas?","¿Qué tal si te lo demuestro con mis Cuchillas?","おれのはものでしょうめいしてやろうか？","So aqui que nós tem o X gritando ATAREEEEEEEEEEEEE!!!!1!11!!!"
"PANDA1_AXL","You have the same copy ability that we New Generation Reploids enjoy.","Você possui a mesma capacidade de cópia que nós, Reploids da Nova Geração desfrutamos.","Tienes la misma habilidad de copia que disfrutamos los Reploides de Nueva Generación.","きみには、ぼくたちしんせだいがたとおなじコピーのうりょくが、あるんだろう…？","......."
"PANDA2_AXL","...","...","...","…","......."
"PANDA3_AXL","Have you ever thought that power could change the world?","Já pensastes tu que este poder pode ser capaz de mudar o mundo em sua volta?","¿Has pensado alguna vez que ese poder podría cambiar el mundo?","それが、このせかいをかえるちからだと、おもったことはないかい？","......."
"PANDA4_AXL","The only thing I think is how it comes in handy in whipping you Mavericks!","A única coisa que penso é como isso é útil para derrotar vocês, Mavericks!","¡Lo único en lo que pienso es en cómo me sirve para azotar a Mavericks como ustedes!","おまえたち、イレギュラーをかるにはべんりなのうりょくだとおもうけどね…！","gordo."
"PANDA5_AXL","Such petulance. I suppose we have no use for you after all.","Quanta petulância. Acho que por estes motivos tolos, não temos utilidades para você afinal.","Vaya petulancia. Supongo que no nos serás de utilidad después de todo.","そうか、やはりきみはえらばれないな。","tua mãe."
"ROOSTER1_AXL","Know where you are, chum?","Sabe onde você está, moleque?","¿Sabes dónde estás, compadre?","おいおまえ、ここをどこだとおもってるんだ？","Aprenda a jogar com Kim Kaphwan - TUTORIAL COMPLETO KOF 2002 pelo KoF da Depressão."
"ROOSTER2_AXL","The name's Axl, and I'm no chum of yours.","O nome é Axl, e eu não sou moleque coisa nenhuma!","Me llamo Axl, y no soy para nada tu compadre.","おまえじゃなくて、アクセル…","......"
"ROOSTER3_AXL","Anyway, this is the waste disposal center...","De qualquer forma, este é o centro de descarte de resíduos...","En fin, este es el centro de eliminación de residuos...","で、ここははいきしょりしせつだろ？","A essa altura do campeonato já até desisto de ter uma conversa normal."
"ROOSTER4_AXL","It's so much more than that.","É muito mais do que apenas isso.","Es mucho más que eso.","おまえたちにイレギュラーよばわりされむねんのうちにすてられた….","Se liga nesse combo aqui, tu precisa de quatro barras. Ele é facin. Pula com o Soco, Soco 2 hits, estourar a barra correr, soco forte 1 hit "
"ROOSTER5_AXL","It's the graveyard of all the Reploids deemed Maverick.","É o cemitério de todos os Reploids que foram acusados de Mavericks por vocês.","Es el cementerio de todos los Reploides acusados de ser Mavericks.","レプリロイドたちのはかさ。","Ai tu cancela rapidão em 3 meia luas pra tras com soco forte ai tu finaliza com especial duplo. Baixo > Diagonal tras Baixo > Tras e BD"
"ROOSTER6_AXL","Oh, so you thought you'd just start an uprising in return?","Aaah, então você pensou que começaria uma revolta em troca de algo, né?","Ah, ¿Así que pensaste en hacer una revuelta para vengarte?","むねんだから、はんらんをおこしてもいいなんてかんがえたの？","Perai, BD? Estourar barra?"
"ROOSTER7_AXL","That's Maverick behavior.","Isso é um comportamento de um Maverick!","Eso es algo que un Maverick haría.","それって、イレギュラーだよ。","Isso ai não é Street Fighter!"
"ROOSTER8_AXL","This is what you mean when you speak of justice? It's you who should be scrapped!","É isso que você quer dizer quando fala de justiça? É você quem deve ser eliminado!","¿Es esto a lo que te refieres cuando hablas de justicia? ¡Eres tú quién debería ser hecho chatarra!","それがおまえらのせいぎか！？くだらん！","Street fight? não, não, não. Aqui é só no coffee rapá, Street Fight é so hori hori hori horiugen."
"ROOSTER9_AXL","There's no place for Reploids and old models like you in the new world we will create!","Não haverá lugar para protótipos e gerações antigas como você no nosso novo mundo que vamos criar!","¡No hay lugar para Reploides y viejas generaciones como ustedes en el nuevo mundo que crearemos!","そんなものこそ、ひつようないのだきたるべきせかいにはなあ！","HA! CHESUTOOOOOOOOOOOOOOOOOOOOOOOOOOOOOOOOO!!!! IKUZO! ATATATATATATA, UWAAACHAA!!11!1!!!!"
"SUNFLOWER1_AXL","Axl... The shape-shifter. The prototype of the Reploids who will lead the new age...","Axl... O metamorfo. O protótipo dos Reploids que irão liderar a nova era...","Axl... El cambia-formas. El prototipo de los Reploides que liderarán la nueva era...","アクセル…コピーのうりょくをもつわれわれ…しんせだいがたレプリロイドのプロトタイプ…","Axl... O metamorfo. O protótipo dos Reploids que liderarão a nova era..."
"SUNFLOWER2_AXL","So what? You sayin' I should join you? Tough luck, chump!","E o que quer dizer com isso? Está dizendo que eu deveria me juntar a vocês? Achou errado, idiota!","¿Y qué? ¿Acaso dices que debería unirme a ustedes? ¡Ni en tus sueños, idiota!","だからなに？イレギュラーのなかまになれって？ごめんだね！","Ufa! Finalmente alguem que fala normal aqui."
"SUNFLOWER3_AXL","If only you were a little smarter, you could have been chosen too...","Se você fosse um pouco mais inteligente, você poderia ter sido escolhido também.","Si tan solo fueses un poco más inteligente, podrías haber sido escogido también...","もうすこしかしこければえらばれたものを…","Ksksksksk como assim normal? ksksksksksksk :3"
"SUNFLOWER4_AXL","That's where you're wrong. We may not be the good guys, but we're no monsters.","Podemos não ser os mocinhos, mas não somos monstros.","Ahí está tu error. Puede que no seamos los tipos buenos, pero no somos monstruos.","イレギュラーは、せいとうではないがゆうこうなコードだ。","hehehehehehe oia só que joguinho legal, os sprites tudo bonitinho >:3"
"SUNFLOWER5_AXL","Such concepts are beyond the grasp of halfwits like you.","Tais conceitos estão além do alcance de idiotas como você.","Tales conceptos están más allá del alcance de ignorantes como tú.","きみのようなはんぱものには、わかるまいがね。","Ksksksksks ei o que será que esses botões fazem? Eu vou testar todos eles hi hi hi hi <3"
"SUNFLOWER6_AXL","This guy is out of control, better take him down before he continues with his nonsense.","Esse cara está fora de si. Melhor detê-lo antes que ele fale mais abobrinhas.","Este tipo está fuera de control, mejor acabo con él antes de que siga con sus estupideces.","なっ！？ちぇ…. あきらかにかれは正気をうしなっている。いますぐおわらせるべきだとおもうよ。","Mas o q..... Aaaargh! Será que não tem ninguem normal nesse mundo não?!"
"TRILOBYTE1_AXL","The minerals we mine here are essential to the development of space.","Os minerais que extraímos aqui são essenciais para o desenvolvimento do espaço.","Los minerales que minamos aquí son esenciales para el desarrollo en el espacio.","おれたちがここでほっているこうぶつはうちゅうかいはつにかかせないものなんだぜ…","Vai ter o dynamio eo vile do x3, dublê do x4, bit byei do x3, o quik mein meu robo tio mastro favorito, faz tambem o quente do Megamein ii"
"TRILOBYTE2_AXL","I don't suppose a half-baked prototype like you could guess what I'm getting at.","Imagino que um protótipo mal feito como você não iria conseguir adivinhar o que quero dizer com isso.","Supongo que un prototipo a medias como tú no podría adivinar a que quiero llegar.","できそこないのプロトタイプのあんたじゃピンとこないかもしれないがね。","vai ter o megamein clasico o bass o protomein o ruchi o teble o dynamio do xis5, o quinqui do megamein e peixiii o omeiga do megamein 0"
"TRILOBYTE3_AXL","You Mavericks never made a lick of sense to me.","Vocês Mavericks nunca fizeram o menor sentido para mim.","Ustedes los Mavericks jamás han hecho una pizca de sentido para mi.","イレギュラーのたわごとにいちいちピンときてたら…しょうばいじょうがったりだね。","Vocês moleques da Geração Z nutella nunca fizeram o menor sentido para mim."
"TRILOBYTE4_AXL","I've been chosen and you've been left behind. You'll never be as brilliant as me!","Eu fui escolhido e você foi deixado para trás. Você nunca será tão brilhante quanto eu!","Yo he sido elegido y tú has sido abandonado. ¡Nunca serás tan brillante como yo!","おれはえらばれたがあんたはえらばれなかった！こえられないかべってやつさ！","Mas porque que o jotão cabei naum poe pra daunloadi agora? eu quero jogar no computador do meu pai, fala pra ele colocar pra daunloadi agora"
"TRILOBYTE5_AXL","You're the one with poor judgment, Trilobyte. Getting fooled and used by Sigma!","Você é quem tem um mal julgamento, Trilobyte. Sendo enganado e usado pelo Sigma!","Eres tú el que hace poco uso de razón, Trilobyte. ¡Siendo engañado y usado por Sigma!","できそこないは、そっちだろシグマみたいなわるいやつにだまされちゃって！","Porque o JKB tá muito ocupado pegando sua mãe."
"TRILOBYTE6_AXL","Our brand new world will soon be born! Fools like you from the old world will fall!","Nosso novo mundo nascerá em breve! Tolos como você do velho mundo cairão!","¡Nuestro nuevo mundo pronto nacerá! Idiotas del antiguo mundo como tú, ¡caerán!","おれたちしんせだいがたのせかいがくる！あんたはふるいせかいといっしょににオダブツだね！","Disgrassado cachorro sarndento vai pro quito dus infernu *Emoji Polegar pra baixo 3x* *Emoji Dedo do meio 3x* *Emoji carinha de bravo 2x*"
"YETI1_AXL","So you are the prototype who can shape-shift?","Então você é o protótipo que pode mudar de forma?","¿Así que tú eres el prototipo que puede cambiar de forma?","おまえは、コピーのうりょくをもつというわれわれのプロトタイプか","Você quer brincar na neve? Um boneco quer fazer? Você podia me ouvir e a porta abrir, eu quero só te veeeeeeeeeeeeeeer."
"YETI2_AXL","If we turn Maverick this easily, I can't say I'm happy to be your prototype.","Se transformar em Maverick tão facilmente assim, então eu diria que não estou muito contente em ser o seu protótipo.","Si nos convertimos en Maverick así de fácil, no puedo decir que este contento de ser tu prototipo.","カンタンにイレギュラー化しちゃうしんせだいがたのプロトタイんてまりうれしくないけどね","mds"
"YETI3_AXL","Strong words for someone as lowly as a Maverick Hunter.","Palavras fortes para alguém tão fraco quanto um Caçador de Mavericks.","Palabras fuertes para alguien tan vil como un Cazador de Mavericks.","イレギュラーハンターなどとバカなことを","Nós éramos amigas de coração. Mas isso acabou também. Você quer brincar na neve? Não tem que ser com um boneco."
"YETI4_AXL","Who you callin' low? You're trying to destroy the world, not me!","Quem você está chamando de fraco aqui? É você que está tentando destruir o mundo, e não eu!","¿A quién llamas vil? ¡Tú eres el que intenta destruir el mundo, no yo!","バカはどっちだよおまえがやろうとしてることはせかいをほろぼすかもしれないんだ。","Vai embora, Aval Lanches."
"VILE1-1_AXL","Ha ha ha ha ha!","Ha ha ha ha ha!","¡Ja ja ja ja ja!","ふははは！","KKKKKKKJKJKJKKKJKJKJK!!!1!!!!"
"VILE1-2_AXL","Why don't you just give up now and get it over with?","Por que você não desiste agora e acaba logo com isso?","¿Por qué no simplemente te rindes ahora y acabas con esto?","いつまであがくきだ！？","Se não é o moleque de boca suja lá atras."
"VILE1-3_AXL","The world as you know it? Mavericks? Kiss it all goodbye!","O mundo que você conhecia? Mavericks? Pode dar adeus a tudo isso!","¿El mundo como lo conoces? ¿Mavericks? ¡Despídete de todo eso!","せかい？イレギュラー？そんなものはわすれろ！おのれにあたえられたちからだけをかんじろ！","Eai, como vão as aulas de etiqueta?"
"VILE1-4_AXL","Mayhem, doom, and destruction! That's what we were built for!","Caos, ruína e desespero! Foi para isso que fomos construídos!","¡Caos, perdición y destrucción! ¡Para eso nos crearon!","はかい、はかいだ！われらはそのためにうみだされたのだ！","Aprendeu a falar bom dia certo prosoto lá com teu amigo canguruzinho? Ah é vdd, tu matou ele no X7 KKKKKKKJJKKKKJKJKJKKK"
"VILE1-5_AXL","Hmph, whatever, don't think you're going to avoid getting beaten just because you said that.","Hmph, que seja, não pense que vai evitar de levar uma surra só porque disse isso.","Hmph, como sea, no creas que evitaras que te dé una paliza solo porque dijiste eso.","フン、どうでもいいけど、そういったからってたたかれずにすむとおもうなよ。","Namoral, vai se !?@$&"
"VILE2-1_AXL","Vile, was it?","Vile, não é?","Vile, ¿cierto?","VAVAだっけ！？","Vile, não é?"
"VILE2-2_AXL","What are you up to here?","O que tá fazendo aqui?","¿Qué es lo que tramas?","あっちこっちでさわぎおこして、ヤコブのかんりかんをさらって","O que tá fazendo aqui?"
"VILE2-3_AXL","What do you plan to do with Lumine and the Elevator?","O que planeja fazer com o Lumine e o Elevador Orbital?","¿Qué planeas hacer con Lumine y el Elevador?","なにをたくらんでるの？","O que planeja fazer com o Lumine e o Elevador Orbital?"
"VILE2-4_AXL","Don't worry about Lumine. Unlike you, he holds some importance to our plan.","Não se preocupe com Lumine. Ao contrário de você, ele tem alguma importância em nosso plano.","No te preocupes por Lumine. A diferencia de ti, el tiene algo de importancia en nuestro plan.","ルミネのことなら、あんずることはないおまえは、お前などよりよほどやくにたっている","Marrapaiz, e isso é lá da sua conta por acaso? Lumine é mo bonitão com aquele cabelo roxo, já tu, TU É UM BETA CHAPA, ACORDA RAPA!"
"VILE2-5_AXL","I don't care if you were once a Class A Hunter...","Eu não ligo se você já foi um Caçador Classe A.","No me importa si alguna vez fuiste un Cazador de Clase A.","もとAきゅうハンターだかなんだかしらないけど…","Eu não ligo se você já foi um Caçador Classe......perai......"
"VILE2-6_AXL","You're Maverick now, and I know just how to deal with scum like you!","Você é um Maverick agora, e eu sei muito bem como lidar com idiotas como você.","¡Ahora eres un Maverick, y sé la manera exacta de lidiar con basura como tú!","イレギュラーのくせに、ちょっとなまいきなんじゃない…？","TU ME CHAMOU DE BETA DESGRAÇADO?!!!!"
"VILE2-7_AXL","Ha ha! Did I make you mad? Bring it on!","Ha ha! Te deixei irritado foi? Cai dentro moleque!","¡Ja ja! ¿Te hice enojar? ¡Adelante!","ふはは、きにさわったか？ならばすこし、あそんでみるか！？","ihhhhh ja ta putinho hein, ta pior do que a Speedrun de Mega Man X1 com os inscritos do EoBruAqui, vish. "
"VILE3-1_AXL","Ha! You're still concerned with justice when the world is on the verge of destruction?","Ha! Você ainda está preocupado com a justiça quando o mundo está à beira da destruição?","¡Já! ¿Sigues preocupado por la justicia aún cuando el mundo está al borde de la destrucción?","くくくく…ほろびゆくせかいでわるものたいじか、ぼうや？","E faaaala ai Maverick Hunters, beleza? Eu sou Daymon Kush X, trazendo pra vocês mais noticias a respeito do Mega Man X Corrupte-"
"VILE3-2_AXL","You've got it, buddy!","Pode apostar que sim, meu chapa!","¡Por supuesto, amigo mio!","ああ、そうさ！","@DaymonKushX"
"VILE3-3_AXL","Thought I'd dispense a little justice your way before I go after Sigma!","Apesar de que terei que desperdiçar justiça em você antes de eu ir atras do Sigma!","¡Pensé que podría repartirte un poco de justicia antes de ir tras Sigma!","シグマのまえに、VAVAとかいうちっぽけなわるものでもたおしておこうかとおもってね！","Vai ter pra android?"
"VILE3-4_AXL","The Orbital Elevator... the energy... the space minerals... the rocket data...","O Elevador Orbital... A energia... Os minerais... Os mísseis...","El Elevador Orbital... la energía... los minerales espaciales... los datos de cohetes...","きどうエレベータ、エネルギー、かいはつしげん、ロケットのデータ…","Ou namoral, eu dou um recado pros pais dessa Geração....de....Nutella."
"VILE3-5_AXL","The route to space...","A rota para o Espaço...","La ruta al espacio...","このせかいが…","Por favor, criem seus filhos dessa Geração Z direito. "
"VILE3-6_AXL","The thing that's allowed this world to survive this long - is ours!","Tudo aquilo que fez esse mundo sobreviver até agora... é nosso!","Aquello que le ha permitido a este mundo sobrevivir todo este tiempo - ¡Es nuestro!","いきのびようとしていたうちゅうへのみちは、いまやわれらのてのうちだ！","Eles são MIMADOS! VOCÊS DÃO TUDO QUE ELES QUEREM!"
"VILE3-7_AXL","At times like this, how important is your precious term \""Maverick\""?","Nessas horas, de que vale o seu querido termo \""Maverick\""?","En momento como este, ¿Qué tan importante es tu preciado término \""Maverick\""?","そんなときに、イレギュラーなどなんのいみがある？","É UMA SURRA!"
"VILE3-8_AXL","I'll tell you as soon as I'm done turning you into scrap!","Eu te explico assim que eu te transformar em pilha de sucata velha!","¡Te lo diré tan pronto como termine en convertirte en una pila de chatarra!","いみだって…？あんたをたおせしてからかんがえるさ！","Mas deimon pfv faz pra androide, eu quero rodar no meu Galaxy j5 :D"
"VILE4-1_AXL","So, you still refuse to give up your struggle, eh?","Ainda se recusando a desistir, não é?","Así que, aún te rehúsas a rendirte con tu lucha ¿eh?","くくくく…そうか、まだ、あがくことをやめないというのだな…","E fala ai Maverick Hunters!"
"VILE4-2_AXL","Are you so blind that you've somehow convinced yourself that hope remains?","Está tão cego que conseguiu se convencer que ainda existe esperança?","¿Estas tan ciego que de alguna manera te convenciste de que aún hay esperanza?","まだ、のぞみがあるとおもっているのだな？","Eu sou Daymon Kush X, trazendo pra vocês um novo fangame de Megaman que se chama-"
"VILE4-3_AXL","If all I have to do is defeat you, then I'm full of hope, buster.","Se tudo o que preciso fazer é derrotar você, então estou cheio de esperanças, imbecil.","Si todo lo que tengo que hacer es vencerte, entonces estoy lleno de esperanza, imbecil.","あんたらを倒せばいいだけでしょ？望みありまくりだね。","@DaymonKushX"
"VILE4-4_AXL","If I give up now, all my efforts would be wasted. I refuse to give up!","Se eu desistir agora, todos os meus esforços serão em vão. Por isso me recuso a desistir!","Si me rindo ahora, todos mis esfuerzos serán en vano. ¡Me niego a rendirme!","そんなにかんたんにはこうさんしないよ!","Vai da para baixar e jogar na Andoid TV? Vai da para baixar e jogar na Andoid TV? Vai da para baixar e jogar na Andoid TV? Vai da para baixar e jogar na Andoid TV? Vai da para baixar e jogar na Andoid TV?"
"VILE4-5_AXL","Ha ha ha... I suppose it'd be a waste to just destroy you now...","Ha ha ha... Seria um desperdício destruir você agora...","Ja ja ja... Supongo que sería un desperdicio simplemente destruirte ahora...","ふはははは、そうだな…！おとなしくほろびられても、つまらん","Namoral, você é muito chato cara, pra que floodar tudo isso? Eu já respondi você e vou responder de novo."
"COPYSIGMA1_AXL","Sigma!?","Sigma!?","¿¡Sigma!?","シグマ！？","Sigma!?"
"COPYSIGMA2_AXL","Did you think you could keep us away by running and hiding in space like a coward?","Achou que podia nos evitar só fugindo e se escondendo no espaço igual um covarde?","¿Creíste que podías mantenernos a raya huyendo y escondiendote en el espacio como un cobarde?","うちゅうににげたら、ぼくらがてをだせないとでもおもった！？","Achou que podia nos evitar só fugindo e se escondendo no espaço igual um covarde?"
"COPYSIGMA3_AXL","Run? Hide? You're mistaken.","Fugir? Se esconder? Está enganado.","¿Huir? ¿Esconderme? Te equivocas.","にげた…、のではないな…","...."
"COPYSIGMA4_AXL","We merely chose to leave that ignorant planet behind.","Nós simplesmente escolhemos deixar aquele planeta fútil para trás.","Simplemente elegimos dejar a ese planeta ignorante atrás.","われわれは、おろかなれんちゅうがひしめく あのわくせいをすてたのだよ…","Saudações meus amigos sejam bem vindos ao Bau Old Gamer, aqui quem fala é o Julinho."
"COPYSIGMA5_AXL","Whatever you say. Either way, I'm gonna toast you right now!","Tanto faz, de qualquer maneira eu vou ter que destruir você.","Como digas. De todas maneras, ¡Te destruiré ahora!","ま、どっちにしても。あんたはここでおわりだからね！","Namoral, não consigo ter UMA conversa normal nessa desgraça não? plmds!"
"COPYSIGMA6_AXL","Which one of us will be \""toasted\""? Let us see... You are not one of the chosen.","Qual de nós será \""destruído\""? Vamos ver então... Já que você não foi um dos escolhidos.","¿Cual de nosotros será \""destruido\""? Veamos... No eres uno de los elegidos.","くっくっくっ…おわるのはどちらかな？ おまえは、えらばれなかったあらたなせかいをいきるのは、あらたなせだいのわれわれなのだ…！","Uai, tu esperava o que? Isso aqui é HueBR fião. Zueira aqui é o que não falta."
"COPYSIGMA7_AXL","Only we new Reploids may live in this new world! I've no use for flimsy prototypes!","Apenas nós da Nova Geração poderemos viver neste novo mundo! Não tenho utilidade para protótipos frágeis como você!","¡Solo nosotros los Reploides de Nueva Generación vivirán en este nuevo mundo! ¡No tengo utilidad para prototipos endebles!","あわれなプロトタイプよ、ほろびるがよい！","E lembrem-se: PORRA DO X6 O CARAMBA, VAI SE FUDER ESSE JOGO."
"SIGMA1_AXL","Hmph. So you must be the one they call Axl..","Hmph, então você é aquele pirralho que chamam de Axl.","Hmph. Así que tu debes ser aquel al que llaman Axl..","ふん、こぞう… たしか、アクセルとかいったか…","KKKKKKKjKKKJKJKJJKJ!!11!1!  os caba tão tudo pedindo corrupti pra android, kkkjkjk!!11!"
"SIGMA2_AXL","The Prototype of the New Generation Reploids.","O Protótipo dos Reploids da Nova Geração.","El Prototipo de los Reploides de Nueva Generación.","しんせだいがたレプリロイドのプロトタイプ…そのひんじゃくなのうりょくで…","Ah olá, tu deve ser o Edson, certo?"
"SIGMA3_AXL","I'm surprised you've made it this far.","Estou surpreso que conseguiu chegar ate aqui.","Estoy sorprendido de que hayas llegado tan lejos.","よくぞここまでたどりついたものよ。","Não não perai, acho que lembrei o nome. Era Équisou. Akiseu, Aqui cell. AH! LEMBREI! LEMBREI! AQUI O SÉLO! ERA ESSE O NOME!"
"SIGMA4_AXL","Hey... Stop calling me a prototype...","Ei... Parem de me chamar de Protótipo...","Hey... Paren de llamarme prototipo...","あのさ、もうプロトタイプっていいかたヤメてくんない？","(Ninguem sabe pronunciar direito meu nome, inacreditavel vei)"
"SIGMA5_AXL","I'm me... And you... You're a Maverick.","Eu sou eu. E você... Você é um Maverick!","Yo soy yo. Y tú... ¡Tú eres un Maverick!","ぼくは、ぼく…そして、あんたは…イレギュラーだ。","Vamo logo com isso, já to cansado desse carai tambem. >:["
"SIGMA6_AXL","You are a puny and weak prototype! Nothing more!","Você é um protótipo insignificante e fraco, e nada mais do que isso!","¡Eres un prototipo insignificante y débil! ¡Nada más!","あわれなプロトタイプよ…","Ihhh qual foi? E essa cara de quem chupou um limão azedo vencido kkkkkjjjkkjkj"
"SIGMA7_AXL","Your copy ability is far from developed. That's why you were left out.","Sua capacidade de cópia está longe de ser desenvolvida. Por isso você foi deixado para trás.","Tu habilidad de copia está lejos de ser desarrollada. Por eso fuiste dejado atrás.","きさまのもつコピーのうりょくはかんぜんではない… だから、えらばれなかったのだ。","Tu devia era levar na esportiva em vez de ser radical desse jeito, se ta loko."
"SIGMA8_AXL","The Mavericks are one club I'd prefer to be left out of!","Os Mavericks são um clube do qual eu prefiro ficar mesmo de fora!","¡Los Mavericks son un club del cual preferiría no formar parte!","ちぇ…、イレギュラーたちになんてえらばれたくないっていってるだろ！？","Tu tá mandando eu me acalmar? Depois de toda a desgraça que passei ate chegar aqui?"
"SIGMA9_AXL","Only the pure New Generation Reploids... my children, are worthy!","Somente os Reploids puros da Nova Geração... Meus filhos, são dignos de estarem aqui.","¡Solo los Reploides de Nueva Generación puros, mis hijos, son dignos!","そう、えらばれたのはしんせだいがたレプリロイド、わがいしをうけつぐこどもたちだ…！","Calma ai meu parça, senta ai, toma um suço de laranja e relaxa o popote."
"SIGMA10_AXL","Your children?","Seus filhos?","¿Tus hijos?","いしをつぐ…こども！？","Vamos ver o qual relaxado tu vai ficar quando eu meter uma metralhadora bem no teu furico!"
"SIGMA11_AXL","Yes, prototype... My children...","Sim, protótipo.... Meus filhos...","Si, prototipo... Mis hijos...","そう…","ETA PORRA o bicho papão ta solto hein kkkkkjkjk"
"SIGMA12_AXL","The New Generation Reploids born of the Jakob Project all bear copy chips containing my personal data.","Todos os Reploids da Nova Geração nascidos do Projeto Jakob, possuem chips de cópia contendo meus dados pessoais.","Todos los Reploides de Nueva Generación nacidos del Proyecto Jakob portan chips de copia conteniendo mis datos personales.","ヤコブけいかくでうみだされしんせだいがたレプリロイドのせっけいにかんし、コピーチップにわがデータをきざんだのだ！","To vendo que essa geração impaciente ta pegando fogo mesmo."
"SIGMA13_AXL","And now, the final phase of that project begins! ","E agora começa a fase final desse projeto!","Y ahora, ¡Comienza la fase final de ese proyecto!","もはや、けいかくはさいしゅうだんかいだふるきせだいの、きさまらのやくめはおわった。","É pedindo Corrupted pra donwload, é querendo que tenha o Axl e o Zero no Demake..... ah não pera, ta acontendo kkkkkkkkk."
"SIGMA14_AXL","You shall be destroyed!!!","Você será destruído!!!","¡¡¡Tú serás destruido!!!","ほろぶがよい！","Ah quer saber de uma coisa, vamo tacar logo o foda-se mermo e vambora."
"FINALLUMINE1_AXL","Oh, Lumine. Are you OK?","Ah, é você Lumine. Você está bem?","Ah, Lumine. ¿Estás bien?","ああ、ルミネ！だいじょうぶかよ？","Ah, é você Lumine. Você está bem?"
"FINALLUMINE2_AXL","Am I OK...? Of course.","Se eu estou bem? Mas é claro.","¿Que si estoy bien...? Por supuesto.","だいじょうぶ？もちろんですよ。","Oi! Sim, estou bem, obrigado por perguntar. E você, como está?"
"FINALLUMINE3_AXL","Now that you've defeated Sigma, I suppose you're satisfied.","Imagino que esteja satisfeito agora que derrotou o Sigma.","Supongo que estás satisfecho ahora que has derrotado a Sigma.","あなたも、シグマをたおせてまんぞくでしょう？","Ao julgar pela sua expressão totalmente preocupante, deduzo que você está feliz por ter derrotado o Chefe Final."
"FINALLUMINE4_AXL","Thanks to you, the plan has gone smoothly.","Graças a você o plano pode continuar normalmente.","Gracias a ti, el plan ha ido bien.","おかげで、けいかくもここまでじゅんちょうですよ。","Mas graças a você um novo avanço tecnológico foi descoberto!"
"FINALLUMINE5_AXL","But... Lumine, weren't you just used by Sigma?","Mas.... Lumine, você não estava sendo usado pelo Sigma?","Pero Lumine, ¿No estabas simplemente siendo usado por Sigma?","あんた、シグマにつれさられてりようされたんじゃないの？","Mas.... Lumine, você não estava sendo usado pelo Sigma?"
"FINALLUMINE6_AXL","Used? I don't think so.","Usado? Creio que não.","¿Usado? No lo creo.","りよう…？ちがいますね。","É verdade que, em algumas situações, as pessoas podem se sentir manipuladas ou influenciadas por outras, especialmente em contextos complexos como os de jogos ou narrativas."
"FINALLUMINE7_AXL","You see, he merely helped my plan along.","Não percebe? Ele apenas ajudou no meu plano.","Verás, él simplemente facilitó mi plan.","かれは、やくめをはたしただけです…","É importante refletir sobre nossos próprios objetivos e desejos, e como eles se alinham ou se confrontam com as intenções de outros."
"FINALLUMINE8_AXL","The New Generation Reploids have been awakened, and the new world is at hand!","Os Reploids da Nova Geração despertaram e um novo mundo está próximo de nascer!","¡Los Reploides de Nueva Generación han sido despertados y el nuevo mundo nacerá!","わたしたち、しんせだいがたをめざめさせ、せかいをかえるというやくめをね！","E mesmo quando parece que estamos sendo usados, sempre há espaço para questionar e  tomar decisões que reflitam quem realmente somos."
"FINALLUMINE9_AXL","Lumine! What are you doing? Don't tell me you've gone Maverick, too...","Lumine! O que está dizendo? Não vai me dizer que também virou um Maverick?","¡Lumine! ¿Qué estás haciendo? No me digas que también te has vuelto Maverick...","どういうつもりだ、ルミネ？きさまもイレギュラーなのか？","Lumine! O que está dizendo? Não vai me dizer que também virou Maverick?"
"FINALLUMINE10_AXL","Maverick? You don't really think that's the case, do you?","Maverick? Você realmente não acha que seja esse o caso, não é?","¿Maverick? Tú no crees que realmente sea así ¿cierto?","イレギュラー？そんなものでないことはあなたもわかっているのでは？","Calma, não sou um Maverick! Às vezes, as coisas podem parecer confusas, mas estou aqui para ajudar."
"FINALLUMINE11_AXL",".........!",".........!",".........!","………!",".........!"
"FINALLUMINE12_AXL","The copy chips we New Generation Reploids possess...","Os chips de cópia que nós Reploids da Nova Geração possuímos...","Los chips de copia que poseemos los Reploides de Nueva Generación...","わたしたち、しんせだいがたレプリロイドのコピーチップは…","Embora tenhamos acesso a suas percepções estratégicas e técnicas de combate, há sempre a ameaça iminente de que sua influência mais sombria se manifeste dentro de nós."
"FINALLUMINE13_AXL","They were derived from data from hundreds of old model Reploids.","Eles foram derivados de dados de centenas de modelos antigos de Reploids.","Fueron fabricados a partir de datos de cientos de modelos antiguos de Reploides.","すうおおくのきゅうせだいがたレプリロイドの データをかいせきしてつくられました…","É um equilíbrio delicado: abraçar a inovação e ao mesmo tempo proteger-nos contra os ecos do caos que podem estar adormecidos na nossa codificação."
"FINALLUMINE14_AXL","That means, of course, that Sigma was also included in the mix.","Isso significa, é claro, que Sigma também foi incluído entre eles.","Eso significa, por supuesto, que Sigma también fue incluido en la mezcla.","そのなかには、とうぜん、あのシグマもふくまれています。","Nossa jornada como Reploids da Nova Geração não envolve apenas evolução; trata-se também de superar o legado daqueles que vieram antes de nós, como por exemplo, Sigma."
"FINALLUMINE15_AXL","Do you understand what I'm getting at here?","Você entende aonde eu quero chegar?","¿Entiendes a lo que voy?","わかりますか、このいみが？","Mas alguma pergunta?"
"FINALLUMINE16_AXL","Copy chip? Sigma? Does that means that I'll go nuts like he did?","Chips de Cópia? Sigma? Quer dizer então que vou ficar insano igual ele?","¿Chip de copia? ¿Sigma? ¿Eso significa que me volveré loco igual que él?","コピーチップに、シグマ…？だったらぼくも、シグマみたいにくるっちゃうってこと！？","Chips de Cópia? Sigma? Quer dizer então que vou ficar insano igual ele?"
"FINALLUMINE17_AXL","Sorry, but prototypes like you don't have the specs to cause something like that.","Lamento, mas protótipos como você não têm especificações para algo assim.","Lo lamento, pero prototipos como tú no tienen las especificaciones para provocar algo como eso.","ざんねんですが、プロトタイプのあなたにはそこまでののうりょくはありませんし…","Os protótipos não podem se tornar Mavericks por algumas razões principais."
"FINALLUMINE18_AXL","Besides, was Sigma really crazy?","Além disso, o Sigma era realmente insano como dizem?","Además, ¿Sigma estaba realmente loco?","シグマはけっしてくるっていたわけではありませんよ。","Permita-me dizer."
"FINALLUMINE19_AXL",".........?",".........?",".........?","………?",".........?"
"FINALLUMINE20_AXL","He rebelled against your world. But he had his reasons...","Ele se rebelou contra o seu mundo é claro. Mas ele tinha seus motivos...","El se rebeló ante tu mundo. Pero el tenía sus razones...","シグマは、みずからのいしで、あなたかたのせかいにはんぎゃくしていました…","1. \""Natureza Funcional vs. Criativa\"": Protótipos são ferramentas funcionais, eles têm um propósito específico e estão limitados pelo escopo do projeto. "
"FINALLUMINE21_AXL","The rest of us New Generation Reploids could turn like that at any moment...","O resto de nós, Reploids da Nova Geração, podemos ficar assim a qualquer instante...","El resto de nosotros Reploides de Nueva Generación podríamos volvernos así en cualquier momento...","そして、わたしたちあたらしいせだいのレプリロイドは、いつでもシグマのようになれるのです…","2. \""Objetivos Diferentes\"": O objetivo de um protótipo é a validação e refinamento de uma ideia, enquanto o objetivo de um Maverick é a inovação disruptiva e a mudança de paradigmas. "
"FINALLUMINE22_AXL","This decision to wage battle against the old world was made consciously.","Esta decisão de travar uma batalha contra o velho mundo foi tomada conscientemente.","La decisión de librar una batalla contra el viejo mundo fue hecha a conciencia.","だからこそ、私たちは、自分の意思で、あなた方旧世界に戦いを挑む事ができる","Um protótipo não tem autonomia ou intenção própria; ele é uma representação de uma ideia que ainda está em desenvolvimento."
"FINALLUMINE23_AXL","In other words, we possess the power to go Maverick at will!","Em outras palavras... Nós podemos escolher nos tornar Mavericks a vontade!","En otras palabras, ¡Tenemos el poder de convertirnos en Mavericks a voluntad!","あなたかたにわかるよういえば…わたしたちは、じぶんのいしでイレギュラーになれるのです","3. \""Limitações Estruturais\"": Protótipos são geralmente desenvolvidos dentro de parâmetros definidos, com restrições orçamentárias e de tempo. "
"FINALLUMINE24_AXL","Axl... Do you really have what it takes to stop us?","Axl, acha mesmo que tem alguma chance contra nós.","Axl... ¿Crees que eres capaz de detenernos?","フフフッ、アクセル…わたしたちがうてますか？","4. \""Evolução vs. Revolução\"": Protótipos são parte de um processo evolutivo de desenvolvimento de produtos. "
"FINALLUMINE25_AXL","You're merely a tool of the humans. Nothing but a tool of the old world...","Você é apenas uma ferramenta dos humanos... Uma ferramenta do velho mundo, nada mais do que isso.","Ustedes son unas meras herramientas de los humanos... herramientas del viejo mundo.","しょせんはひとのみちぐにすぎないあなたふるいせだいのレプリロイドが","Mavericks, no entanto, tendem a ser revolucionários em suas abordagens, frequentemente mudando completamente a forma como as coisas são feitas."
"FINALLUMINE26_AXL","You think you can stand up in front of us with your weapon to those who have evolved this far?","Acha que tem a audácia de apontar a sua arma na minha frente e tentar me deter?","¿Crees que puedes enfrentarte a nosotros con tu arma? ¿A aquellos que han evolucionado así de lejos?","いしをもち、しんかしたわたしたちになにができると？","Essa transformação radical não pode ser alcançada por um simples protótipo."
"FINALLUMINE27_AXL","Ha ha ha ha ha! Don't try to be ridiculous!","Ha ha ha ha ha ha! Não tente bancar o ridículo!","¡Ja ja ja ja ja ja! ¡No intentes hacer el ridículo!","フッ…アハハハハ、アハハハハハハ…！わらわせないでくれよ!","Ha ha! É uma pena pois você é um :)"
"FINALLUMINE28_AXL","The world is changing. Therefore, it's only natural that evolution take it's course!","O mundo esta mudando. Portanto é natural que a evolução prossiga o seu percusso!","El mundo está cambiando. Por lo tanto, ¡Es simplemente natural que la evolución siga su curso!","せかいはかわったのです！せいめいが、よりしんかしたせいめいにとってかわられるのはしぜんのせつりです…","Em resumo, a essência e a função de protótipos e Mavericks são fundamentalmente diferentes, o que impede que um protótipo se torne um Maverick. "
"FINALLUMINE29_AXL","Now, line up to be exterminated!","Agora prepare-se para ser exterminado pra sempre!","Ahora, ¡Peparate para ser exterminado!","おとなしく、ほろんでおしまいなさい！","Mas alguma outra pergunta?"
"FINALLUMINE30_AXL","I won't let you come to me and tell me what I am or what I should be.","Eu não vou deixar você chegar até mim e me dizer o que eu sou ou o que devo ser.","No permitiré que vengas así nada más y me digas qué soy o qué debería ser.","ぼくがなにであるか、どうあるべきかをさしずするようなことはさせないよ！","......."
"FINALLUMINE31_AXL","You are the enemy here and I will not allow you to leave here alive!","Você é o inimigo aqui e não vou permitir que você saia daqui vivo!","¡Tú eres el enemigo aquí y yo no permitiré que salgas de aquí con vida!","おまえはここのてきだ。いきてかえることはゆるさないよ！","Você é uma I.A não é?"
"FINALLUMINE32_AXL","Enemy... Ally... This issue isn't so black and white. Reploids, along with humanity, have irrevocably changed.","Inimigo... Aliado... Esse assunto não é tão preto e branco assim. Humanos e Reploids mudaram e não há como voltar atrás.","Enemigo... aliado... Este asunto no es tan blanco y negro. Reploides, junto con la humanidad, han cambiado irrevocablemente.","てき、みかた…そんなたんじゅんなもんだいではない… レプリロイドのありかたが、せいめいのありかたがかわったのです…","Errado, é claro que era eu Lumine esse tempo todo. Só queria ver a tua reação de bunda mesmo kkkkkkkk."
"FINALLUMINE33_AXL","The nature of their existence has also changed. You are not needed in our new world!","A natureza de sua existência também mudou... Você não é mais necessário em nosso novo mundo!","La naturaleza de su existencia también ha cambiado. ¡Tú no eres necesario en nuestro nuevo mundo!","あたらしいせかいに… もはやあなたかたはひつようないのですよ!","Agora morra :)"
"ENDING1-1_AXL","Unbelievable...","Inacreditável....","Inconcebible...","くっ…おろかな","Impossível :("
"ENDING1-2_AXL","You may have defeated me... But it's too late to stop what's already begun...","Pode ate ter me derrotado, mas é tarde demais para impedir o que já começou.","Puede que me hayas derrotado... Pero es demasiado tarde para detener lo que ya ha comenzado...","わたしいちにんをたおしたところで、 もはやながれはもどらない…","Isso não devia ser vencido, Alysson nerfou meu Paradise Lost."
"ENDING1-3_AXL","I'll take on plenty more like you, if that's what it takes.","Vou encarar muito mais gente como você, se isso for necessário.","Me enfrentaré a muchos más que tú, si eso es lo que hace falta.","おまえみたいにおかしなやつがでてきたらなんどでもたおしてやるよ","Vou encarar muito mais gente como você, se isso for necessário."
"ENDING1-4_AXL","Ha ha ha... You really don't have a grasp of the situation, do you?","Ha Ha... Você realmente não tem noção da situação que se encontra não é?","Ja ja ja... Realmente no tienes ni idea de la situación en la que te encuentras ¿cierto?","くっ…くくく…ほんとうになにみえていないのですね?","kkk...jj....tu nem sabe o que tá falando cabra macho...."
"ENDING1-5_AXL","Oh well... You'll find out... soon enough...","Oh bem, você vai descobrir isso..... muito em breve.....","Oh bueno... Lo descubrirás pronto...","まあいい … いずれを….わか….る…..","Quem derá se tu morresse agora."
"ENDING1-6_AXL",".....",".....",".....","…..","....."
"ENDING1-7_AXL","Ugh! I can't stand this pain anymore... Just... Make it quick...","Agh! Não aguento mais essa dor...  Acabe... Logo com isso...","¡Agh! Ya no aguanto más este dolor... Solo... Hazlo rápido...","ぐはーっ！もうこのいたみにたえられない、はやくおわらせてよ","Ah, que seja, Santana acabe com ela."
"ENDING2-1_AXL","This is Axl...","Aqui é o Axl.","Aquí Axl...","おわった…","GG, porra."
"ENDING2-2_AXL","Axl... Axl... Status report!","Axl.....Axl! Relatório da Missão!","Axl... Axl... ¡Informe de la misión!","….セル….アクセル! 聞こえる?! つうしんがかいふくしました! じょうきょうは？","Axl.....Axl! Relatório da Missão!"
"ENDING2-3_AXL","The mission....was accomplished","A missão foi....... Sucedida.","La misión... fue exitosa.","こちらアクセル。任務....完了だ。","Relatório da Missão é o caralho, cabou essa desgraça. Chega dessa porra tambem."
"ENDING2-4_AXL","The enemy... Has been dealt with. I'm headed back now...","O inimigo foi neutralizado..... Estou voltando a base agora.","El enemigo... Ha sido eliminado. Voy en camino de vuelta...","敵はもう.....処分された。こっから帰還するよ...","Que foi? Acha que o Zashiko vai fazer Demake do X7? X7 Demake é o caralho, vão fazer vocês. Vou embora desse carai."
"ENDING2-5_AXL","Roger...","Entendido...","Entendido...","了解...","Não não não não também não falo mais nada nesse carai de dialogo também, parabéns por ter terminado essa rom hack. *Alt+F4*"
"SECRET2-1_AXL","Welcome, Axl. I've been expecting you.","Bem-vindo, Axl. Estive esperando a sua chegada.","Bienvenido, Axl. He estado esperandote.","ようこそ、アクセルさん。お待ちしておりましたよ。","Bem vindo, Axl. Estive esperando a sua chegada."
"SECRET2-2_AXL","Oh, so you already know me, huh?","Ah, então você já me conhece?","Oh, así que ya sabes quién soy ¿eh?","僕のことを知ってるのか？","(Finalmente alguém normal aqui) Ah, então você já me conhece né?"
"SECRET2-3_AXL","Gotta say, you're way more... \""Chill\"", than anyone I've faced before. What's your deal?","Vou ser sincero, você parece ser mais.... \""Tranquilo\"" do que qualquer um que já vi. Qual é a sua?","Debo decir, eres mucho más... \""tranquilo\"" que cualquier otro al que haya visto. ¿Qué sucede contigo?","てかさ、お前は今まで出会ったヤツらと全然違って、穏やかって感じだな。","Vou ser sincero, você parece ser mais.... \""Tranquilo\"" do que qualquer um que já vi. Qual é a sua?"
"SECRET2-4_AXL","How observant of you to notice so quickly.","Muito perspicaz da sua parte notar meus traços.","Qué observador para notarlo tan rápido.","こんなに早く気付くは、鋭い観察力ですね。","Muito perspicaz da sua parte notar meus traços."
"SECRET2-5_AXL","I am Serenade.","Me chamo Serenade.","Yo soy Serenade.","私はセレナードと申します。","Me chamo Serenata."
"SECRET2-6_AXL","You mentioned I'm different from others you faced before?","Você mencionou que sou diferente de outros que já enfrentou?","¿Mencionaste que soy diferente a otros a los que has visto?","これまでとは全然違うと...おっしゃいましたね？","Você mencionou que sou diferente de outros que já enfrentou?"
"SECRET2-7_AXL","That is because of my overwhelming power.","Isso se dá devido ao meu incrível poder.","Eso es por mi poder abrumador.","きっとそれは、圧倒的な力を秘めているからでしょう。","Isso se dá devido ao meu incrível poder."
"SECRET2-8_AXL","Overwhelming power? Are you serious? You don't exactly look that part to be honest...","Incrivel? Tá falando serio mesmo? Você não aparentar ser esse tipo sinceramente.","¿Poder? ¿En serio? No te ves precisamente fuerte...","圧倒的な力？そんな風には全然見えないけど？","Incrivel? Tá falando serio mesmo? Você não aparentar ser esse tipo."
"SECRET2-9_AXL","Correct. My strength isn't about aggression. I've been training ever since I lost the title of UnderKing.","Correto. Estive treinando para me tornar mais forte desde que perdi o título de UnderKing.","Correcto. Mi fuerza no es sobre agresión. He estado entrenando desde que perdí el título de UnderKing.","でしょうね。しかしこれは怒りではなく、「ウラの王」という称号を失われてから、積み重ねてきた訓練の結晶です。","Correto. Estive treinando para me tornar mais forte desde que perdi o título de UnderKing."
"SECRET2-10_AXL","For twenty years, I've amassed power and refined my abilities. And now, I've chosen you to test them.","Por vinte anos estive acumulando poder e escolhi você para testar minha força.","Por veinte años, he acumulado poder y refinado mis habilidades. Y ahora, te he escogido a ti para ponerlas a prueba.","この20年にわたり、更に力を蓄えてきた今、是非ともあなたに","Por vinte anos estive acumulando poder e escolhi você para testar minha força."
"SECRET2-11_AXL","Twenty years? Wow, that's a.... very long time. But hey, I've got this copy ability thing still going on.","Vinte anos? Nossa, isso é.... Muito tempo. Mas ei, eu tenho a capacidade de copiar as coisas ainda.","¿Veinte años? Vaya, eso es... mucho tiempo. Pero oye, yo tengo esta habilidad de copia por mi parte.","20年だって？すごい年月だな。まあ、俺にはこのコピー能力があるからね。","VINTE ANOS????????????????? TÁ....POOOOOOOOOOOOOORRAAAAAAAAAAAAAA MENOOOOOOOR!!!!!!!"
"SECRET2-12_AXL","Serenade, was it? Hmm...","Senerade, não é? Hmmm...","Serenade, ¿cierto? Hmm...","セレナード...だってけ？ふむ....","Senerade, não é? Hmmm..."
"SECRET2-13_AXL","You sure you wanna take me on? You might be biting off more than you can chew. But hey, a challenge is a challenge. You're on!","Tem certeza de que quer me encarar? Você pode estar mordendo mais do que pode mastigar. Mas ei, um desafio é um desafio. To dentro!","¿Estas seguro de que quieres enfrentarme? Puede que te arrepientas, pero hey, un reto es un reto. ¡Vamos!","戦闘相手は本当に俺でいいのか？手に余っても知らないよ？まあ、どっちにしろ挑戦は挑戦だ。受けて立つよ！","Tem certeza de que quer me encarar? Você pode estar mordendo mais do que pode mastigar. Mas bem, O pai aqui tá on. Fechou, vambora!"
"SECRET2-14_AXL","Then step forward... Axl. Show me what you got!","Então venha, Axl. Mostre para mim do que você é capaz de fazer.","Entonces ven Axl. ¡Muestrame de lo que eres capaz!","ならばかかってくるのです。あなたの力を見せてもらいましょう！","Então venha, Axl. Mostre para mim do que você é capaz de fazer. E toma cuidado pra não dar muito rage hein, kkkkkk."
"SECRET2-15_AXL","I truly believed my power would be enough to defeat you. It seems I was mistaken.","Eu sinceramente pensei que poderia derrota-lo. Eu estava errado.","Realmente confié en que mi poder sería suficiente para derrotarte. Al parecer estaba equivocado.","正直のところ、あなたを負かせる程の力だと思い込んできましたが、どうやら勘違いのようです。","Eu sinceramente pensei que poderia derrota-lo. Eu estava errado."
"SECRET2-16_AXL","But you... You don't rely just on strength alone. There's something in your spirit that makes you stronger.","Mas você... Você não confia somente na força. Há algo em seu espírito que o torna mais forte.","Pero tú... tú no dependes solo de la fuerza. Hay algo en tu espiritu que te hace fuerte.","でも、あなたは… 強さだけに頼っておらず、その身体の中に強くしてくれる何かがあります。","Mas você... Você não confia somente na força. Há algo em seu espírito que o torna mais forte."
"SECRET2-17_AXL","It's more than mere combat skills. It's your tenacity, your heart...","É mais do que meras habilidades de combate. É sua perseverança, seu coração.","Es más que habilidad de combate. Es tu tenacidad, tu corazón.","それも単なる戦闘技術ではなく、粘り強さと、心強さでしょう。","É mais do que meras habilidades de combate. É sua perseverança, seu coração."
"SECRET2-18_AXL","Yeah, well... I've got a habit of surprising people. Guess I'm full of tricks like that.","É, bem... Sabe como é. Tenho o hábito de surpreender as pessoas. Acho que sou cheio de truques.","Si, bueno... tengo un habito de sorprender a la gente. Supongo que estoy lleno de trucos como ese.","まあ...人を驚かせるのも得意技でもあるよな。こう見えてもトリッキーな男だからね。","É, bem...Sabe como é. Tenho o hábito de surpreender as pessoas. Acho que sou cheio de truques."
"SECRET2-19_AXL","But you were no pushover either. I can respect that.","Mas você também não foi moleza. Eu respeito isso em você.","Pero tampoco fuiste para nada un debilucho. Puedo respetar eso.","手加減もしなかったことも尊敬します。","Mas você também não foi moleza. Você foi DIFICIL PRA PORRA NA REAL! MDS CARA....ou mulher...ou sei lá o seu gênero."
"SECRET2-20_AXL","You fought beautifully, Axl. You may be the strongest warrior I've encountered in this world.","Você lutou bravamente, Axl. Você pode ser o guerreiro mais forte que já conheci neste mundo.","Luchaste majestuosamente, Axl. Puede que seas el guerrero más fuerte al que me he enfrentado en este mundo.","実に華麗な決闘ぶりですよ、アクセルさん。あなたは恐らく、この世で出会った中で最強の戦士でしょう。","Você lutou bravamente, Axl. Você deve ser o guerreiro mais forte que já conheci neste mundo."
"SECRET2-21_AXL","I wish I had something more to offer as a reward... but all I can give is my gratitude.","Infelizmente não tenho nada para lhe recompensar além dos meus agradecimentos.","Desearía tener algo más que ofrecerte como recompensa... pero todo lo que puedo darte es mi gratitud.","報いるものを致し兼ねるのは誠に残念ですが、せめて感謝の気持ちだけを残しておきましょう。","Infelizmente não tenho nada para lhe recompensar além dos meus agradecimentos. :^)"
"SECRET2-22_AXL","Heh, don't sweat it. It was a good fight. That's all the reward I need...","Hehe, não esquenta, foi uma boa luta. Essa é toda recompensa que preciso...","Je je, no te preocupes. Fue una buena pelea. Esa es toda la recompensa que necesito...","へへ、気にすんな！いい戦いだっだし。十分な報酬になれたよ...","Hehe, não esquenta, foi uma boa luta. Essa é toda a recompensa que preciso..."
"SECRET2-23_AXL","Though, if you've got any other secret power-ups lying around, I wouldn't say no.","Apesar de que.... Se você tiver outros aprimoramentos secretos por aí, eu não diria não.","Aunque... Si tuvieras algún otro poder secreto por ahí, no diría no por esto.","だがもし他に秘密のパワーアップとかを散らかしてんのなら、断れるわけないさ！","Apesar de que.... Se você tiver outros aprimoramentos secretos por aí, eu não diria não."
"SECRET2-24_AXL","Perhaps we'll meet again, in another place... until then, farewell, Axl.","Talvez nos encontremos novamente, em outro lugar... até lá, adeus, Axl.","Tal vez nos veamos de nuevo, en otro lugar... hasta entonces, adios, Axl.","いずれまた会う時が来るでしょう。別の場所で...　とりあえず、さようならとしましょう、アクセルさん。","Talvez nos encontremos novamente, em outro lugar... até lá, adeus, Axl."
"SECRET2-25_AXL","See ya, Serenade. Next time, I won't go so easy on you!","Até mais, Serenade. Da próxima vez, não vou pegar tão leve com você!","Nos vemos, Serenade. ¡La próxima vez no me contendré tanto contigo!","じゃあまたな、セレナード！次は手加減なしだからね！","Até mais, Serenata. SEGUNDA FORMA É O ESCAMBAU!"
"SECRET2-26_AXL","SECRET2-26_AXL","SECRET2-26_AXL","SECRET2-26_AXL","SECRET2-26_AXL","SECRET2-26_AXL"
"SECRET3-1_AXL","Finally, I've acquired it. This data contains information on all currently wanted criminals...","Finalmente, eu consegui. Esses dados contêm informações sobre todos os criminosos procurados no momento...","Finalmente, los conseguí. Estos datos contienen la información de todos los criminales buscados actualmente...","遂に手に入れたぞ。 このデータには、現在指名手配犯のすべての情報が含まれている。","Finalmente, eu consegui. Esses dados contêm informações sobre todos os Corruptos do Brasil procurados no momento..."
"SECRET3-2_AXL","R.... Red? But... how?","R.... Red? Mas... como?","¿R.... Red? ¿Pero..... cómo?","レ… レッド？でも… どうやって？","V... Vermelho? Mas... como?"
"SECRET3-3_AXL","Axl, it's been a while. How is your progress going on your own?","Axl, já faz um tempo, não é mesmo? Como está seu progresso sozinho?","Axl, ha pasado un tiempo ¿eh? ¿Qué tal te va por tu cuenta?","アクセル、久しぶりだな。単独行動は順調にやってるのか？","Aquiseu, já faz um tempo, não é mesmo? Como está seu progresso sozinho?"
"SECRET3-4_AXL","Red, wait! You're not supposed to be here. This area is only for High Ranked Hunters!","Red, espere! Você não deveria estar aqui. Esta área é apenas para Caçadores de Alto Nível!","Red, ¡Espera! No se supone que estés aquí. ¡Esta zona es solo para Cazadores de Alto Rango!","てか何でここにいんだよ！？ここは上級ハンターしか入れないはずだぞ！","Vermelho, espere! Você não deveria estar aqui. Esta é a Area 51! Ficou maluco por acaso?"
"SECRET3-5_AXL","You're not the same, Red. Are you still following \""his\"" ways?","Você não é o mesmo, Red. Você ainda está seguindo os caminhos \""dele\""?","Has cambiado Red. Aún sigues \""sus\"" enseñanzas.","まさか、未だ\""センセイ\""の命令に従っているんて言うなよ。","Você não é o mesmo, Vermelho. Você ainda está seguindo os caminhos \""dele\""?"
"SECRET3-6_AXL","You've turned Red Alert into something twisted because of that!","Você transformou a Red Alert em algo distorcido por causa disso!","¡Has convertido a Red Alert en algo retorcido por culpa de ello!","アイツがレッドアラートの皆に何をしたか忘れちまったのか？！","Você transformou o Alerta Vermelho em algo distorcido por causa disso!"
"SECRET3-7_AXL","I know how this looks like, but fret not. With this data, we can hunt Mavericks more effectively than the Hunters ever could.","Sei como isso parece, mas fique calmo. Com esses dados, podemos caçar Mavericks com mais eficiência do que os Hunters jamais poderiam.","No te preocupes. Con esto, podemos cazar Mavericks como los Cazadores de Mavericks jamás pudieron.","混乱している様だが、そう案ずるな。このデータさえあれば、ハンター活動が今まで以上に効果的になるはずだ！","Sei o que parece, mas não se preocupe. Com esses dados, podemos caçar Bandidos com mais eficiência do que o Governo jamais poderia."
"SECRET3-8_AXL","The Red Alert can return to have their justice back, Axl.","A Red Alert pode retornar a ter sua justiça como antes, Axl.","La Red Alert puede volver a tener su justicia como antes, Axl.","レッドアラートの栄光も取り戻せるぜ、アクセル。","O Alerta Vermelho pode retornar a ter sua justiça como antes, Axl."
"SECRET3-9_AXL","That's not justice... It's power! And I'm not letting you to abuse it!","Isso não é justiça... É poder! E eu não vou deixar você abusar disso!","Eso no es justicia... ¡Es poder! ¡Y no te permitiré abusar de él!","そんなの正義なんかじゃない... 恐ろしい力だ。悪用させてたまるもんか！","Isso não é justiça... é Corrupção! E eu não vou deixar você se candidatar!"
"SECRET3-10_AXL","Heh, I never thought I would have to hear this kind of thinking from you. Well, let's see if you have improved. No Holding Back!","Heh, eu nunca pensei que teria que ouvir esse tipo de coisa vindo de você. Bem, vamos ver se você melhorou. Sem se segurar!","Je, nunca pensé que tendría que escuchar esta manera de pensar desde alguien como tú. Bueno, veamos si es que has mejorado. ¡Nada de contenerse!","ふぅ！お前がそういう考え方をするとは思わなかったな。さあ、成長の成果を見せてもらうとするか！手加減無用だ！","Heh, eu nunca pensei que teria que ouvir esse tipo de pensamento. Bem, vamos ver se você ainda faz o L, tá okay?"
"SECRET3-11_AXL","Not bad..... Kid, you've grown up as a Hunter.","Nada mal... Garoto, você cresceu como um Caçador.","No está mal... chico, has crecido como Cazador.","やるじゃないか…ハンターとしての成長は確かだな。","Nada mal... Garoto, você cresceu como um Caçador."
"SECRET3-12_AXL","You don't have to do this, Red. It's not too late to start over, you can still be yourself if you join us.","Você não precisa fazer isso, Red. Não é tarde demais para recomeçar, você ainda pode ser você se juntar a nós.","No tienes que hacer esto, Red. No es demasiado tarde para volver a empezar, aún puedes seguir siendo tú si te nos unes.","レッド、こんな事する必要はないだろ。やり直す事に手遅れなんてないぞ。仲間になってくれても自分らしく居られるはずだ。","Você não precisa fazer isso, Vermelho. Não é tarde demais para recomeçar, você ainda pode ser você se juntar a nós."
"SECRET3-13_AXL","Maybe..... maybe not. Don't worry about me, I'll still go on my own way.","Talvez... talvez não, não se preocupe comigo. Eu ainda seguirei meu próprio caminho.","Tal vez... tal vez no, no te preocupes por mi. Yo seguiré yendo por mi propio camino.","それは…どうだろう。俺の事なら心配するな。俺はこのまま自分の道を歩む。","Talvez... talvez não, não se preocupe comigo. Eu ainda seguirei meu próprio caminho."
"SECRET3-14_AXL","But for now, I will be careful when trusting.","Mas por enquanto, terei cuidado ao confiar em alguém.","Pero por ahora, seré cauteloso a la hora de confiar en otros.","とりあえず、人を信頼しようとする時は用心しよう。","Mas por enquanto, terei cuidado ao confiar em promessas que não existem nessa porra de país."
"SECRET3-15_AXL","Next time, Axl... it won't be this easy when we met again. Farewell.... and take care of yourself, boy.","Da próxima vez Axl, não será tão fácil quando nos encontrarmos novamente. Adeus... e cuide-se, garoto.","Hasta la próxima Axl.. no será así de fácil cuando nos volvamos a ver. Adios... y cuidate, muchacho.","次は…手加減なしだぞ。さらば…\nそして…\n元気でな… 小僧…","Da próxima vez Axl, não será tão fácil quando nos encontrarmos novamente. Adeus... e lembre-se..."
"SECRET3-16_AXL","Red....","Red....","Red....","レッド…","X7 Demake é o caralho, já to ligado."
"INTRO1-1_ZERO","So this is Noah's Park, huh? Not a bad place after all.","Então este é o Parque de Noé? Não é tão ruim quanto pensava que seria.","¿Entonces, este es el Parque de Noah? No está nada mal después de todo.","ここはノアパークというのか。悪くはない場所だな。","Então esta é a Amazônia? Tá bem melhor do que nós temos aqui hoje em dia, não é mesmo?"
"INTRO1-2_ZERO","Zero, do you copy? There's a huge Maverick Mechaniloid in this area.","Zero, na escuta? Há um enorme Maverick Mecanilóide nesta área.","Zero, ¿puedes oírme? Hay un Mecaniloide Maverick gigante en esta área.","ゼロ、聞こえる？このエリアに巨大イレギュラーの反応があるわ。","Oh Zero! Preste atenção na missão caramba! Isso daqui é sério!"
"INTRO1-3_ZERO","And it's close to the site of the accident near the Orbital Elevator. Got it!","E está próximo ao local do acidente ao Elevador Orbital. Entendido!","Y está cerca al lugar del accidente cercano al Elevador Orbital. ¡Entendido!","軌道エレベータの事故現場に接近中だな。了解！","A quieta essa boca ai Alia, ninguém tá aqui pra ouvir ocê não."
"INTRO1-4_ZERO","I'll clean up the Mavericks in this area.","Vou limpar os Mavericks dessa área.","Voy a eliminar a los Mavericks de esta área.","このエリアのイレギュラーを全部　蹴散らしてくる。","Pessoal quer ver é o cagado, quer ver é o largão."
"INTRO1-5_ZERO","Send the rescue Mechaniloids as soon as I get to the accident scene.","Envie os Mecanilóides de resgate assim que eu chegar ao local do acidente.","Envía los mecaniloides de rescate tan pronto como llegue al lugar del accidente.","事故現場に到達したら救急用メカにロイドを頼む。","Quer ver eu aqui, O Jegue."
"INTRO1-6_ZERO","Understood, be careful, Zero!","Entendido, tome cuidado, Zero.","Entendido, ¡Ten cuidado, Zero!","了解。気を付けて、ゼロ！","Perai.......... TU MANDOU EU CALAR A BOCA? EU OUVI ISSO DIREITO?! DEVE SER POR ISSO QUE NENHUMA GAROTA FICA VIVA COM VOCÊ, PALHAÇO."
"INTRO2-1_ZERO","W... What? What's the meaning of this, Sigma?","O... O quê? Qual é o significado disso, Sigma?!","¿Q... Qué? ¿Qué significa esto, Sigma?","な…なんだ？どういうことだ、シグマ？","Sigma? E o Sigma? E o outro Sigma? E mais outro Sigma? É........ Acho que bebi Sodas demais viu."
"INTRO2-2_ZERO","To protect ourselves from damage during the accident...","Para nos proteger de danos durante o acidente...","Para protegernos del daño durante el accidente...","事故から身を守るために…","Eta porra tá escuro pra caralho aqui."
"INTRO2-3_ZERO","We had to copy a sturdy Sigma body.","Tivemos que copiar um corpo resistente como o de Sigma.","Tuvimos que copiar un cuerpo resistente como el de Sigma.","頑丈なボディをコピーしていたのです。","E um cheiro de fumaça da porra também."
"INTRO2-4_ZERO","We New Generation Reploids enjoy complete and total immunity to all viruses.","Nós Reploids da Nova Geração somos completamente imunes a qualquer tipo de vírus.","Nosotros, los Reploides de Nueva Generación, disfrutamos de una inmunidad completa y total a todos los virus.","私たち新世代型レプリロイドには簡素な耐え許し性能がありますから。","Rapaz sair de dentro do cafofo não melhorou muita coisa não."
"INTRO2-5_ZERO","So even copying something as dangerous as Sigma provides no risk.","Então copiar algo tão perigoso quanto Sigma não traz risco algum.","Así que incluso copiar algo tan peligroso como Sigma no conlleva riesgo.","シグマボディをコピーしても何の問題もありません。","Acho que é bom pegar uns copo d'água pra apagar essa brasa aí..."
"INTRO2-6_ZERO","Who are you? Identify yourself!","Quem é você? Identifique-se agora.","¿Quién eres? ¡Identificate!","何者なんだ。名を名乗れ！","Quem é você? Identifique-se agora."
"INTRO2-7_ZERO","I'm Lumine...","Me chamo Lumine...","Me llamo Lumine.","私は…ルミネ。","Ta de sacanagem carai? Tamo num mundo avançado da peste e ainda quer saber a identidade dosotos? Aff maria viu."
"INTRO2-8_ZERO","I'm the director in charge of the elevator and the Jakob Project.","Sou responsável pelo elevador e pelo Projeto Jakob.","Soy el director a cargo del elevador y del Proyecto Jakob.","この軌道エレベーター、ヤコブの管理者です。","Nome é Lumen, tava eu aqui dirigindo a banda Sigma e os Sigmas. Quer ouvir um pouquin?"
"INTRO2-9_ZERO","Hmmm... I see. Don't move, I'll call the rescue team to take you-","Hmmm... Entendo. Não se mexa, vou chamar a equipe de resgate para levá-lo em-","Hmmm... Entiendo. No te muevas, llamaré al equipo de rescate para que te lleven-","ふむ、なるほど。そこでじっとしていろ。すぐ救急部隊に頼んでおまえを…","Peraí, mas isso dai é um plágio de Stev-"
"INTRO3-1_ZERO","Ha ha ha! How nice to see you again, Zero.","Ha ha ha! Que bom ver você de novo, Zero.","¡Ja ja ja! Qué bueno volver a verte, Zero.","はーっははははーっ！また会えたなぁ、ゼロ！","Oia só se não é o caba com cacho bananudo na cabeça."
"INTRO3-2_ZERO","Vile? So they weren't lying when they reported your presence around again.","Vile? Então eles não estavam mentindo quando relataram sua presença novamente.","¿Vile? Así que no mentían cuando reportaron tu presencia por aquí de nuevo.","VAVA?　どうやら貴様の気配を感知したっての報告が本当だったらしいな。","Vaiou? Oxi, mas tu não era roxo não ó mísera?"
"INTRO3-3_ZERO","I'd love to stay and play with you, but I'm afraid I have too much work to do...","Eu adoraria ficar e brincar com você, mas infelizmente tenho muito trabalho para fazer agora...","Me encantaría quedarme y jugar contigo, pero me temo que tengo mucho trabajo que hacer...","お前と遊んでやりたいんだが、まだ仕事が残っているんでなぁ","Marrapaiz tu tá com Alzheimer ou o que? Tu nunca me viu de azul antes não é?"
"INTRO3-4_ZERO","I won't let a wanted criminal like you take Lumine away. Let him go now!","Não vou deixar um Criminoso Procurado como você levar Lumine embora. Deixe-o ir agora!","No permitiré que un criminal buscado como tú se lleve a Lumine. ¡Déjalo ir ahora!","貴様の様なお尋ね者にルミネを渡せるものか！さっさとヤツを解放しろ！","Ei, aonde pensa que vai levando o Lumen? E eu deixei por acaso? Solta o rapagira."
"INTRO3-5_ZERO","Not a chance. The Orbital Elevator is under our control now...","Sem chance. O Elevador Orbital está sob nosso controle agora...","De ninguna manera. El Elevador Orbital está bajo nuestro control ahora...","悪いがそうはさせない。もはや軌道エレベーターはもう我々の手の内だからな。","Bah meu, como se fosse fácil pedir com essa educação ai né meu."
"INTRO3-6_ZERO","What do you plan to do, Maverick Scum?!","O que você planeja fazer, Maverick maldito?!","¿¡Qué planeas hacer, Maldito Maverick!?","イレギュラーのゴミクズめ！何を企んでいる？！","O que você planeja fazer, Ctrl C Ctrl V do Boba Fett?"
"INTRO3-7_ZERO","It begins now, Zero. A new world will be born!","Tudo começa agora, Zero... Um novo mundo está prestes a surgir!","Empieza ahora, Zero. ¡Un nuevo mundo nacerá!","始まるんだよ、ゼロ。新しい世界がな…","Ainda tem gente que acredita que sou inspirado no Bobão que Fede?"
"INTRO3-8_ZERO","Ha ha ha ha ha ha ha ha ha ha!","Ha ha ha ha ha ha ha ha ha ha!","¡Ja ja ja ja ja ja ja ja!","ははは！　ははははっ！","Vish, tá foda mermo hein. Vou lá no barzinho tomar uma. Porque não faz uma Crab Rave com o meu amiguinho? Divirta-se kkkjkjkkkk."
"ANTONION1_ZERO","Gravity Antonion. You used to be an incredible scientist, but it looks like you've gone Maverick now.","Gravity Antonion. Você costumava ser um cientista incrível, mas parece que agora você se tornou um Maverick.","Gravity Antonion, solías ser un científico increíble, pero parece que te has vuelto Maverick.","グラビティアントニオン、優秀な科学者だった貴様が、もうイレギュラー化してしまったようだな。","Toninho Tanajura. Você costumava ser um cientista incrível, mas parece que agora você se tornou um Irregular."
"ANTONION2_ZERO","Incredible? Maverick? What do those words even mean?","Incrível Cientista? Maverick? O que essas palavras significam afinal?","¿Increíble? ¿Maverick? ¿Siquiera que significan esas palabras?","優秀？イレギュラー？そんなもの、何の意味があるんです？","Ah mano plmds cara! EU NÃO SOU UM CIENTISTA CARAI! Como que vocês ainda pensam que sou isso daí?!"
"ANTONION3_ZERO","You'd have to ask someone smarter than me. Has Sigma made you like this?","Você teria que perguntar a alguém mais esperto que eu. Foi Sigma que fez você ficar assim?","Tendrías que preguntarle a alguien más inteligente que yo. ¿Acaso Sigma te volvió así?","意味か...あいにくそんなに頭が良い方じゃなくてね...","Você teria que perguntar a alguém mais esperto que eu. Foi Cigma que fez você ficar assim?"
"ANTONION4_ZERO","Did he force you and the others to go Maverick?","Ele forçou você e os outros a virarem Mavericks?","¿Te obligó a ti y a los otros a volverse Mavericks?","シグマが、キサマらを狂わせたのか？","Ele forçou você e os outros a virarem Irregulares?"
"ANTONION5_ZERO","You actually think you can sum my master up with that word?","Você realmente acha que pode resumir meu mestre com essa palavra incompetente?","¿Crees que puedes resumir a mi maestro con esa palabra?","イレギュラー？そんなレベルで、あの方をはかるのは無理です","Namoral, deixa eu falar uma coisa aqui."
"ANTONION6_ZERO","Our honesty is matched only by your supreme foolishness.","Nossa honestidade só se compara à sua suprema tolice.","Nuestra honestidad solo es comparable a tu suprema estupidez.","君は確かに正直のようだが、所詮は愚かだ。","Pode me chamar de Maverick, de Irregular, de Antonio Gravidade, de Repliroide seja la o que for."
"ANTONION7_ZERO","Well, at any rate,  If you can't understand our great plan, then I'll destroy you!","Bem, de qualquer forma, se você não consegue entender nosso grande plano, então eu terei que destruí-lo!","Bueno, de todas formas, si no puedes entender nuestro gran plan, ¡Entonces te destruiré!","ともかく、我々の邪魔をすると言うのであれば　排除するのみです","MAS PAREM DE ME CHAMAR DE CIENTISTA!!!!1!111!!!1!!11!!!"
"MANOWAR1_ZERO","Hey! Gigabolt Man-O-War!","Ei! Gigabolt Man-O-War!","¡Oye! ¡Gigabolt Man-O-War!","おい、ギガボルト・ドクラーゲン！","Ei! Geleia Manauara!"
"MANOWAR2_ZERO","Return Abel City's power to normal. Now!","Retorne a energia da Cidade de Abel ao normal. Agora!","Devuelve la energía de Ciudad de Abel a la normalidad. ¡Ahora!","アーベルシティのエネルギー暴走を今すぐ止めるんだ...","Retorne a energia de Cuba ao normal. Agora!"
"MANOWAR3_ZERO","... ... ...","... ... ...","... ... ...","... ... ... ","... ... ..."
"MANOWAR4_ZERO","He's so far gone, he can't even respond...","Ele está tão perdido que nem consegue me responder...","Se ha vuelto tan Maverick que ni siquiera puede responder...","まともに応えられないほど　イレギュラー化している、か...","Ô Geleia, to falando com você."
"MANOWAR5_ZERO","I'm no Maverick... I'm not doing anything wrong...","Eu não sou um Maverick... Eu não estou fazendo nada de errado...","No soy ningún Maverick... No estoy haciendo nada malo...","イレギュラーじゃないよ... おれ、正しいことをしているよ","... ... ..."
"MANOWAR6_ZERO","My master needs energy to make his new world a reality.","Meu mestre precisa de energia para tornar seu novo mundo uma realidade.","Mi maestro necesita energía para hacer su nuevo mundo una realidad.","あの方が、新しい世界を作るエネルギーが必要だったんだよ","... ... ..."
"MANOWAR7_ZERO","Turning Abel City's power out of control? How does this fit into Sigma's evil plan?","Deixando a energia da Cidade de Abel fora de controle? Como isso se encaixa no plano maligno do Sigma?","¿Dejar la energía de Ciudad de Abel fuera de control? ¿Esto cómo calza en el malvado plan de Sigma?","アーベルシティのエネルギーを暴走させて... シグマの狙いは何だ...","FALA ALGUMA COISA DESGRAÇA!"
"MANOWAR8_ZERO","I'm just working hard to realize my master's dream of a new world. He's not wrong here.","Estou apenas trabalhando duro para realizar o sonho do meu mestre de um novo mundo. Ele não está errado de certa forma.","Solo estoy trabajando duro para realizar el sueño de mi maestro de un nuevo mundo. Él no está equivocado.","おれは、あの方の作る新しい世界のためにいっしょうけんめい働いているんだ","Alguma coisa desgraça."
"MANOWAR9_ZERO","A new world?! Well, that plan's not getting any farther than this!","Um novo mundo?! Bem, esse plano não vai mais continuar a partir de agora!","¿¡Un nuevo mundo!? Bueno, ¡Ese plan no llega más lejos que esto!","新しい世界... そんなたわごとは、ここまでだ","-____-"
"MANOWAR10_ZERO","Looks like I'll have to teach you a lesson!","Parece que vou ter que te ensinar uma lição!","¡Parece que tendré que darte una lección!","悪いが、処理させてもらう！","Que engraçadinho você hein, pena que não vai ser um comédia quando eu enfiar o sabre no teu-"
"MANTIS1_ZERO","Whoa. Get a load of this guy. You're Zero, right?","Opa. Saca só quem apareceu. Você é o Zero, não é?","Vaya. Mira a este tipo. Eres Zero, ¿verdad?","わーう、シヴいのが来たね。あんた、ゼロさんだろ？","Hey! Yo! Check it out if it is not 0!"
"MANTIS2_ZERO","If you really knew me, you'd be shaking in your boots right about now.","Se você realmente sabe quem eu sou, você estaria tremendo e metendo o pé logo daqui, Maverick.","Si realmente supieras quién soy, estarías temblando de miedo ahora mismo, Maverick.","俺の事を知っているなら、もっと怖がったらどうなんだ、イレギュラー？","Se você realmente sabe quem eu sou, você estaria....... Espera ai um pouco....."
"MANTIS3_ZERO","You old style Reploids really don't understand a thing, do you?","Vocês Reploids de modelos antigos realmente não entendem nada, não é?","Ustedes los Reploides de estilo antiguo no entienden nada, ¿cierto?","は、しょせんは　あんたも古い世代のレプリロイドだね　何も分かっちゃいない","Of course I know u man, U r the famous Hu Há Hou, am I correct?"
"MANTIS4_ZERO","What do you mean by that, Maverick?","O que você quer dizer com isso?","¿A qué te refieres con eso?","何が、だ、イレギュラー？","O que você quer dizer com isso? E PORQUE TÁ FALANDO EM INGLÊS POHA? ISSO AQUI É HUEBR, E NÃO SHITPOST ENGRISH."
"MANTIS5_ZERO","You could have made a great general in our ranks. My master has shown quite an interest in you, you know.","Você poderia ter sido um grande general em nossas fileiras. Meu mestre demonstrou bastante interesse em você, sabia?","Pudiste haber sido un gran general en nuestras filas. Mi maestro ha mostrado un gran interés en ti, ¿sabes?","あんたさえ、その気なら　俺たちの大将になれたかもしれないって、事さ。あの方は、あんたの事をずいぶん買ってたみたいだしね","Hey, calm down dude! At least I'm not calling you a monkakou, you know? Chill it out broh!"
"MANTIS6_ZERO","Hmph! I'm not interested in joining up with Mavericks, thank you very much.","Hmph! Não estou interessado em me juntar ao Mavericks, muito obrigado.","¡Hmph! No estoy interesado en aliarme con los Mavericks, muchas gracias.","イレギュラーに担がれる気は、ない","Chile? Ah sim, eu te mando pra lá."
"MANTIS7_ZERO","And don't worry... I'll be going after your boss as soon as I'm finished with you.","E não se preocupe... Irei atrás do seu chefe assim que eu acabar com a sua raça.","Y no te preocupes... ¡Iré tras tu jefe tan pronto como acabe contigo!","安心しろ、あの方とやらもお前の後を追わせてやる","Te mando assim que eu banir você aqui de falar Inglês é claro."
"PANDA1_ZERO","You mean to tell me you've never thought such things yourself, Zero?","Então dizes tu que nunca pensastes estas coisas por ti mesmo, Zero?","¿Quieres decirme que tú nunca has pensado tales cosas por ti mismo, Zero?","ゼロ、きみは考えた事があるんじゃないのかい...?","Uaaaaau!"
"PANDA2_ZERO","That the world wishes for destruction and nothing more?","Que o mundo deseja a sua própria destruição e nada mais?","¿Que el mundo desea la destrucción y nada más?","この世界が滅びたがっているって...","Isso é tão SHOW DE BOLA! HA HA HA!"
"PANDA3_ZERO","Is that what Sigma tells you?","É isso que o Sigma te disse?","¿Eso es lo que Sigma te dice?","それをシグマに吹き込まれたのか？","Quem é você?"
"PANDA4_ZERO","Perhaps. Perhaps my master has also seen a little of himself inside of you...","Talvez. Talvez meu mestre também tenha visto um pouco de si mesmo dentro de você...","Quizás. Quizás mi maestro también ha visto un poco de sí mismo dentro de ti...","そう、そしてあの方は...きみのなかに、自分と同じ物を見ていた...","Eu tenho feito a mesma pergunta. Serei eu filho de um Panda? De um Ganso? Um Aluno? Um Professor? Acontece, que eu sou todos eles!"
"PANDA5_ZERO","Gimme a break...","Mas que saco...","Oh vamos...","ふん...ヤツとの因縁をここで終わらせてもらう...","!!!"
"PANDA6_ZERO","This perfect world you Mavericks keep blabbering about doesn't even exist.","Esse mundo perfeito sobre o qual vocês Mavericks continuam tagarelando por aí nem sequer existe.","Este mundo perfecto sobre el que ustedes los Mavericks siguen parloteando ni siquiera existe.","キサマらイレギュラーがのさばって良い世界など、どこにもない","Não pode ser....."
"PANDA7_ZERO","No, it doesn't.","Não, não mesmo.","No, no existe.","そうですね...","Eu sou........."
"PANDA8_ZERO","That's why we must destroy this one.","É por isso que devemos destruir este.","Por eso es que debemos destruir este.","この世界もそろそろ終わりにしましょう","O Draguei Gerrão."
"PANDA9_ZERO","What will end Zero, is this world.","O que vai acabar no fim de tudo Zero, é esse mundo.","Lo que acabará Zero, es este mundo.","滅びるのは、この世界だ","Chega de papo, vamos lutar! SHA-BAA-BOOOOOOEEEE!!!!"
"ROOSTER1_ZERO","Why have you started a riot? Is this Sigma's doing?","Por que você começou uma revolta? Isso é obra do Sigma por acaso?","¿Por qué has iniciado una revuelta? ¿Es esto obra de Sigma?","なぜ暴動を起こした...？シグマに何を吹き込まれたのか？","Por que você começou uma revolta? Isso é obra do Cigma por acaso?"
"ROOSTER2_ZERO","Do you know what this place is?","Você sabe que lugar é esse?","¿Sabes qué es este lugar?","ここが何だか知ってるか？","Oooooh!!!! AAAAARGH COMO DOOOOOOOI!"
"ROOSTER3_ZERO","The waste disposal center...","O centro de descarte de lixo...","El centro de eliminación de residuos...","廃棄処理所...","Hein?"
"ROOSTER4_ZERO","After I'm through slicing and dicing, this is where I'll toss what's left of you.","Depois que eu te cortar em pedacinhos, é aqui que jogarei o que sobrar de você.","Después de terminar de cortar y trocear, aquí es donde tiraré lo que quede de ti.","キサマが狂っているのなら　切り刻んだ後、ここで処分するさ...","O que deu nesse ai agora?"
"ROOSTER5_ZERO","Can't you hear them, Zero?","Você não consegue ouvi-los, Zero?","¿Acaso no los escuchas, Zero?","あんたに聞こえていないのか、ゼロ？","AHHHH!"
"ROOSTER6_ZERO","The cries of all the Reploids you've sent here because you decided they were Mavericks?","Os gritos de todos os Reploids que foram jogados aqui porque você decidiu que eles eram Mavericks?","¿Los lamentos de todos los Reploides que has enviado aquí porque decidiste que eran Mavericks?","イレギュラー呼ばわりされて　ここに捨てられたレプリロイドたち恨みの声が...？","ENTÃO É VOCÊ QUE ESTÁ CAUSANDO ESSA DOR NÃO É?"
"ROOSTER7_ZERO","Woah? Give me a break! If you can hear all that, I guess that means you're a Maverick too, huh?","Gritos? Mas que saco! Se você consegue ouvir tudo isso, acho que isso significa que você também é um Maverick, não é mesmo?","¿Lamentos? ¡Oh vamos no me hagas reír! Si puedes escuchar todo eso, supongo que eso significa que eres un Maverick también, ¿eh?","イレギュラーの恨み、か...　いかにも奴が考えそうなくだらない話だ...","Dor? Mas foi tu mesmo que meteu bicuda lá no backgro-....... Ah não, não me diga que é o..."
"ROOSTER8_ZERO","Ha! You'll realize soon enough who's right and who's wrong in this struggle.","Hah! Em breve você perceberá quem está certo e quem está errado nesta luta.","¡Já! Pronto te darás cuenta de quién está bien y quién está mal en esta lucha.","くだらないかどうか見ているがいい！","ENTÃO SE EU TRANSFORMAR VOCÊ EM PEDAÇOS, ESSA DOR VAI PARAR!"
"ROOSTER9_ZERO","You won't mock me when the new world becomes a reality!","Você não irá me subestimar nunca mais quando o novo mundo se tornar realidade!!!","¡¡¡No te burlarás de mí cuando el nuevo mundo se haga realidad!!!","我々が新たな世界を産み出すのをな！","BURN! BURN! BURN TO THE GROUND! AAH! AHH! HOHO! AH HO TRI FORMATION! ARISE! F L A M E S  R I S E ! ! ! ! ! ! ! ! ! ! ! ! ! !"
"SUNFLOWER1_ZERO","Zero... Surely you've figured it out.","Zero... Certamente você já deve ter percebido.","Zero... Seguramente ya te has dado cuenta.","ゼロ…貴方ならば我々が何なのか…","PERAI PERAI PERAI PERAI!"
"SUNFLOWER2_ZERO","You must have an inkling as to what we're after here.","Você deve ter uma ideia do que estamos procurando aqui.","Debes tener un indicio de cuál es nuestra meta aquí.","何を目指しているのか、お気づきでしょう？","Deixa eu ver se eu entendi uma coisa!"
"SUNFLOWER3_ZERO","What would I know about how you Mavericks think?","O que eu saberia sobre como vocês Mavericks pensam afinal?","¿Qué sabría yo de cómo piensan ustedes los Mavericks?","貴様らの考えなど、知ったことか","Hmmm?"
"SUNFLOWER4_ZERO","No! No! No! We may not be the good guys, but we're no monsters.","Não! Não! Não! Podemos não ser os mocinhos, mas com certeza nós não somos monstros.","¡No! ¡No! ¡No! Quizá no seamos los buenos, pero no somos monstruos.","究極の破壊者となり得る可能性を持ち…あの方に影響を与えたゼロともあろうが","A Juri resgata a Decapre que foi derrotada pela Cammy e leva as duas. Aí elas foram do Brasil até Londres DE MOTO???"
"SUNFLOWER5_ZERO","My master remembers you well. You had the chance to become the ultimate destroyer. That's ancient history now.","Meu mestre se lembra bem de você. Você tinha a chance de se tornar o destruidor supremo. Isso virou história antiga agora.","Mi maestro te recuerda bien. Tuviste la oportunidad de convertirte en el destructor definitivo. Eso ya es historia antigua ahora.","しょせんは旧世代ということですか","E o Vega seguiu elas A PÉ????? KKKKKKKKKK, AAAAAAAAAAA QUE MODO HISTÓRIA DESGRAÇADO PELO AMOR DE DEEEUS!!! XD"
"SUNFLOWER6_ZERO","Aw man... He's gone off the deep end.","Ah, cara... Ele já perdeu o consenso.","Oh viejo... Ya se le zafó un tornillo.","ちっ…もうイカれちまったのか","Aaah... \""A Shadow Falls\"", realmente o modo \""história\"" de qualidade do Street Fighter 5. A propósito: \""Isso é uma bela referência\""."
"TRILOBYTE1_ZERO","The minerals we mine here are essential to the development of space.","Os minerais que extraímos aqui são essenciais para o desenvolvimento do espaço.","Los minerales que minamos aquí son esenciales para el desarrollo en el espacio.","俺達がここで掘っているのは、\n宇宙開発に欠かせない鉱物だぜ","Eu....... sou TerraRocha Trilobita."
"TRILOBYTE2_ZERO","But I don't suppose that means too much to you, does it Zero?","Mas suponho que isso não signifique muita coisa para você, não é Zero?","Pero supongo que eso no significa mucho para ti, ¿cierto Zero?","と言っても、あんたには判らないだろう、ゼロ？","Como Repolid da Nova Geração. Eu queria muito estar nas minas. Mas algo sempre me impedia."
"TRILOBYTE3_ZERO","And you're mining it for Sigma? Are you crazy?","E você está minerando para o Sigma? Você ficou louco por acaso?","¿Y estás minando para Sigma? ¿Estás loco?","そいつでシグマの機嫌をとっているのか…?","Hein?"
"TRILOBYTE4_ZERO","Have you given any thought as to why my master might want resources such as this?","Você já pensou do por que meu mestre querer tais recursos como estes?","¿Has pensado en por qué mi maestro querría recursos como estos?","あのお方が、どうしてこんなものを必要とするのか考えてみたことがあるかい？","Mas o chamado das minas era forte demais. Então um dia eu comecei a cavar, e cavar...."
"TRILOBYTE5_ZERO","I don't need to understand your plan to know that it stinks, and I won't let you get away with it!","Não preciso saber dos seus planos para entender que eles não prestam, e não vou deixar você escapar impune com isso!","No necesito conocer tu plan para saber que apesta ¡Y no permitiré que te salgas con la tuya!","考える必要はないな… キサマらが何を企もうと、好きにさせん…","Aloooo? Terra para Tatuzinho de Jardim? Ah que seja, ninguém escuta mais ninguém nesse carai."
"TRILOBYTE6_ZERO","Hmph! I will not be insulted by a broken down scrap heap like you!","Hmph! Não serei insultado por um monte de sucata quebrada como você!","¡Hmph! ¡No me dejaré insultar por un montón de chatarra inservible como tú!","ふん！旧世代のポンコツなんかに侮辱されてたまるもんか！","Até que eu encontrei...."
"TRILOBYTE7_ZERO","You'll have to answer to my master sooner or later, you worthless pile of scrap!","Mais cedo ou mais tarde você terá que obedecer ao meu mestre, sua pilha de sucata inútil!","Tendrás que obedecer a mi maestro tarde o temprano, ¡Pedazo de chatarra inútil!","あのお方になり損ねても、いずれは従ってもらうからな！脳なしのゴミクズが","O NETHER!!!! CHEIO DE JOCKEY DE GALINHAS!!!!!!!!!!!!!!!!!"
"YETI1_ZERO","Zero. My master sees a part for you in his new ideal world.","Zero. Meu mestre vê algo dentro de você em seu novo mundo ideal.","Zero. Mi maestro ve una parte para ti en su nuevo mundo ideal.","ゼロか… かつてあのお方がお前の中に理想を見たそうだが…","Zero. Meu mestre vê algo dentro de você em seu novo mundo ideal."
"YETI2_ZERO","What do you Mavericks see in me? Aside from a potential beating, that is...","O que vocês Mavericks veem em mim afinal? Além de uma possível surra é claro.","¿Qué es lo que ustedes los Mavericks ven en mi? Además de una potencial paliza, por supuesto...","イレギュラーどもがこの俺をどうにかできるかとでも思ってるのか？","Se for pra roubar minha cabeleira, nem vem que nem tem. Até com peruca ele não fica bonito."
"YETI3_ZERO","You truly are an old model, aren't you? You can't change the world with that thinking.","Você realmente é um modelo antigo, não é? Você não pode mudar o mundo com este pensamento.","Realmente eres un modelo viejo, ¿no? No puedes cambiar el mundo con esa forma de pensar.","もはや、お前は旧世代だ… その古い考えではいつまでも同じ事を繰り返すだけだ…","Que? Não, não é isso, eu quis dizer que você tem potencial para-"
"YETI4_ZERO","Change the world? With destruction? Leave it to a Maverick to come up with that.","Mudar o mundo? Com destruição? Deixe que um Maverick invente coisas assim!","¿Cambiar el mundo? ¿Con destrucción? Dejaselo a un Maverick para que se le ocurra eso.","それで破壊をもたらすのが、新しい考えとやらか…？ふざけるなよ、イレギュラーめ","Aham, me engana que eu gosto. Não sou bobo não meu fi. Eu sei que vocês estão atrás da minha cabeleira. VOCÊS NÃO ME ENGANAM!!!"
"YETI5_ZERO","Your world... Your ideals... they're incomprehensible to my master.","Seu mundo... Seus ideais, eles são incompreensíveis para meu mestre.","Tu mundo... Tus ideales... son incomprensibles para mi maestro.","あのお方はもはや、お前たち旧世代には想像もつかない存在だ！","(Carai, mas esse loiro é um arrogante mermo hein, melhor eu aquietar logo e ir pra cima, que se foda tambem)."
"VILE1-1_ZERO","Vile!","Vile!","¡Vile!","VAVA…! 軌道エレベーター、ヤコブの管理者をどうするつもりだ？","Synthia!"
"VILE1-2_ZERO","What do you plan to do with the Elevator and Lumine?","O que planeja fazer com o Lumine e o Elevador Orbital?","¿Qué planeas hacer con el Elevador y Lumine?","COMING SOON :D","O que planeja fazer com o Morro do Papagaio e o Lumen?"
"VILE1-3_ZERO","Lumine? Ha ha ha... Don't worry. We're taking very good care of him.","Lumine? Ha ha ha... Não se preocupe. Estamos cuidando muito bem dele.","¿Lumine? Ja ja ja... No te preocupes. Lo estamos cuidando muy bien.","COMING SOON :D","Lumen? kkkkjjkkk, não se preocupe. Estamos cuidando muito bem delo."
"VILE1-4_ZERO","The Orbital Elevator is too important to us to hurt the one who operates it.","O Elevador Orbital é importante demais para machucarmos quem o opera.","El Elevador Orbital es demasiado importante para nosotros como para lastimar a quién lo opera.","COMING SOON :D","O caba tá lá no barzinho de seu Jorge virando a cara umas quinhentas."
"VILE1-5_ZERO","That toy's a little too complicated for Mavericks like you, Vile.","Esse recurso é um pouco complicado para Mavericks como você, Vile.","Ese juguete es un poco complicado para Mavericks como tú, Vile.","COMING SOON :D","Esse Morro aí é um pouco complicado para Irregulares como você, Vaiou."
"VILE1-6_ZERO","Ha ha ha... How I've missed you, Zero.","Ha ha ha... Como senti sua falta, Zero.","Ja ja ja... Como te he echado de menos, Zero.","COMING SOON :D","Meu fi, se tu quer tanto uma cerveja..."
"VILE1-7_ZERO","What do you say we have a little fun and make the most of this reunion?","O que você acha de nos divertirmos um pouco e aproveitarmos ao máximo esse reencontro.","¿Qué tal si tenemos algo de diversión y aprovechamos al máximo esta reunión?","COMING SOON :D","Chega mais que te dou um acesso VIP pro seu Jorgin."
"VILE2-1_ZERO","Vile!","Vile!","¡Vile!","COMING SOON :D","Olha só quem é, fala ai Daymon blz?"
"VILE2-2_ZERO","It's time to hand Lumine over. This time, I won't take No for an answer.","É hora de se render e libertar Lumine. Desta vez, não aceitarei Não como resposta.","Es hora de entregar a Lumine. Esta vez, no aceptaré un No por respuesta.","COMING SOON :D","Vem cá, me responde uma coisa, qual o programa que os devs do Mega Man Slide usam pra fazer música no jogo?"
"VILE2-3_ZERO","Lumine? Are you so dim as to think you're in a position to make demands?","Lumine? Você é tão estúpido a ponto de pensar que está em posição de fazer exigências?","¿Lumine? ¿Es usted tan tonto como para pensar que está en condiciones de hacer exigencias?","COMING SOON :D","Opa, diz aí meu bom. Tudo na paz? Excelente pergunta. Se liga."
"VILE2-4_ZERO","Look around you, fool! Your world has already begun to crumble!","Olhe ao seu redor, idiota! Seu mundo já começou a desmoronar!","¡Mira a tu alrededor, idiota! ¡Tu mundo ya ha comenzado a desmoronarse!","COMING SOON :D","Um dos programas usados para fazer música no game. É o Defli... é o Defli Mequi me...Aaargh!"
"VILE2-5_ZERO","The world as you know it? Mavericks? Kiss it all goodbye!","O mundo que você conhecia? Mavericks? Pode dar adeus a tudo isso!","¿El mundo tal como lo conoces? ¿Mavericks? ¡Dile adiós a todo eso!","COMING SOON :D","É o Defli Mequi, me...AAARGH!!!!!!"
"VILE2-6_ZERO","Mayhem, doom and destruction! That's what we were built for!","Caos, ruína e desespero! Foi para isso que fomos construídos!","¡Caos, destrucción y ruina! ¡Para eso fuimos construidos!","COMING SOON :D","KKKKKKKKKKKKKKKKKK, É O DEFLI...MESQUI (DEFLEMASK na verdade ksksksks)"
"VILE3-1_ZERO","Don't you ever get tired of the whole \""justice\"" thing?","Você nunca se cansa dessa coisa toda de \""Justiça\""? ","¿Acaso no te cansas de toda esta \""justicia\""?","COMING SOON :D","Você nunca se cansa dessa coisa toda de \""Justiça\""?"
"VILE3-2_ZERO","Don't you ever get tired of being Sigma's lap dog?","E você não se cansa de ser um pau mandado do Sigma?","¿Acaso no te cansas de ser el perro faldero de Sigma?","COMING SOON :D","E você não se cansa de ser um pau mandado do Cigma?"
"VILE3-3_ZERO","The Orbital Elevator... the energy... the space minerals... the rocket data...","O Elevador Orbital... A energia... Os minerais... Os mísseis...","El Elevador Orbital... la energía... los minerales espaciales... los datos de cohetes...","COMING SOON :D","Ihhh alá tá todo ignorante, só nos Turn Down for What."
"VILE3-4_ZERO","The route to space...","A rota para o Espaço...","La ruta al espacio...","COMING SOON :D","Mas meu fi, porque que tu não foi de escada era mais rápido."
"VILE3-5_ZERO","The thing that's allowed this world to survive this long is ours!","O que permitiu que este mundo sobrevivesse por tanto tempo é nosso!","¡Lo que le ha permitido sobrevivir a este mundo por tanto tiempo es nuestro!","COMING SOON :D","Ah, já saquei... Tu queria escalar os altos montes só na base do chute quadrado. Em outras palavras \""Rumo ao Topo\"""
"VILE3-6_ZERO","How can you take this world seriously when it's all about to end?","Como você pode levar este mundo tão a sério quando tudo está prestes a acabar?","¿Cómo puedes tomarte este mundo en serio cuando todo está a punto de acabar?","COMING SOON :D","Até porque eu ViledolucasgamesplaysMK-5fodãodemegamein serei um youtuber que será o melhor de to-"
"VILE3-7_ZERO","Hmph! I think I'll take care of you before I go after your boss!","Hmph! Acho que vou cuidar de você antes de ir atrás do seu chefe!","¡Hmph! ¡Creo que me ocuparé de ti antes de ir tras tu jefe!","COMING SOON :D","Ta ta ta ta, todo mundo já sabe, bora logo com saporra de uma vez que to com pressa."
"VILE4-1_ZERO","So, you still refuse to give up your struggle, eh?","Ainda se recusando a desistir de seus conflitos, não é?","Entonces, te niegas a rendirte en tu lucha, ¿eh?","COMING SOON :D","Má gente, como tu é chato pra cacete hein bicho."
"VILE4-2_ZERO","Are you so blind that you've somehow convinced yourself that hope remains?","Está tão cego que conseguiu se convencer que ainda existe esperança?","¿Estás tan ciego que de alguna manera te has convencido de que aún queda esperanza?","COMING SOON :D","Tantas tretas rolando por aí e tu ainda não sabe pedir uma cerveja pra relaxar não?"
"VILE4-3_ZERO","Struggle?","Conflitos?","¿Lucha?","COMING SOON :D","Tretas?"
"VILE4-4_ZERO","I'm just tired of running into you and Sigma every time I turn around.","Eu só estou cansado de encontrar você e Sigma toda vez que desvio dos meus focos.","Simplemente estoy cansado de toparme contigo y Sigma cada vez que me volteo.","COMING SOON :D","Eu só estou cansado de encontrar você e Cigma toda vez que viro de lado."
"VILE4-5_ZERO","Ha ha ha... I suppose it'd be a waste to just destroy you now.","Ha ha ha... Seria um desperdício destruir você agora...","Ja ja ja... Supongo que sería un desperdicio simplemente destruirte ahora...","COMING SOON :D","Oxi, que papin é esse de virar os lados?"
"VILE4-6_ZERO","Maybe I'll wait till the last possible moment and have a little fun with this.","Vou me divertir e só acabar com você no último segundo!","Quizás espere hasta el último momento posible y me divierta un poco con esto.","COMING SOON :D","Ta querendo massagem é? Então deixa que esse massageador aqui dar conta do negócio, moro?"
"COPYSIGMA1_ZERO","Sigma!?","Sigma!?","¿¡Sigma!?","COMING SOON :D","Sigma.....! Seu miserável!"
"COPYSIGMA2_ZERO","Can't say I was looking forward to seeing you again.","Não posso dizer que estava ansioso em ver você novamente.","No puedo decir que anhelaba verte a tí de nuevo.","COMING SOON :D","Você traiu a humanidade, e matou meus aliados. Eu vou dar um fim a sua rebelião!"
"COPYSIGMA3_ZERO","Zero. What a shame... You had the abilities and potential to become like me.","Zero, mas que pena... Você tinha as capacidades e o potencial necessário para se tornar como eu.","Zero. Una lástima... Tenías las habilidades y el potencial para ser como yo.","COMING SOON :D","Capa capa jota jota, a quanto tempo Zeru. Gostastes desta armadura foda aqui? Muito foda capa capa capa."
"COPYSIGMA4_ZERO","You... you tried to use my DNA.","Você... Você tentou usar o meu DNA...","Tú... tú trataste de usar mi ADN.","COMING SOON :D","Pare de ficar me ignorando desse jeito seu covarde! Minha luta é contra você, aqui e agora!"
"COPYSIGMA5_ZERO","I'll teach you what happens when you mess with me!","Eu vou te ensinar o que acontece quando você mexe comigo!","¡Te mostraré lo que sucede cuando te metes conmigo!","COMING SOON :D","Dessa vez, você vai morrer de verdade! EU VOU TE VENCER SIGMA!"
"COPYSIGMA6_ZERO","I'm afraid not. The moon is under my control and the plan is entering it's final stage.","Receio que não. A lua está sob meu controle e o plano está entrando em sua fase final.","Me temo que no. La luna está bajo mi control y el plan está entrando a su etapa final.","COMING SOON :D","Quero ver quem é que vai pegar essa referência aí. He he he he."
"COPYSIGMA7_ZERO","The moment of the world's unraveling is upon us!","O momento do desmoronamento do mundo está chegando aqui e agora!!!","¡El momento de la destrucción del mundo está sobre nosotros!","COMING SOON :D","Pode vir Zoro! Eu vou te mostrar o poder de um cosplay foda ba garai."
"SIGMA1_ZERO","Zero... Who could have imagined that we'd cross paths at the end of the world.","Ah, Zero... Quem poderia imaginar que nossos caminhos iriam se cruzar perante o fim do mundo.","Zero... Quién imaginaría que cruzaríamos nuestros caminos al final del mundo.","COMING SOON :D","Ah, Zero... Zero, Zerin, Zerão, 0800 3000 e os carai também."
"SIGMA2_ZERO","The moment your virus entered my system, the seed had been planted.","No momento em que o seu vírus entrou no meu sistema, a semente foi plantada.","El momento en que tu virus entró a mi sistema. la semilla fue plantada.","COMING SOON :D","Sabe, acho que no fim das contas, vocês até tinham total razão."
"SIGMA3_ZERO","That's when it all began... The destruction of the world!","Foi aí que tudo começou... A destruição do mundo!","Ahí es cuando todo comenzó... ¡La destrucción del mundo!","COMING SOON :D","Ser careca não cabe bem no meu estilo, então eu decidi virar o próprio capeta mesmo. Isso sim dá uma vibe foda pra mim."
"SIGMA4_ZERO","I've heard about enough of this garbage, Sigma.","Já cansei de ficar ouvindo as suas asneiras, Sigma!","¡Ya he escuchado suficiente de esta basura, Sigma!","COMING SOON :D","Tá parecendo um corno manso isso sim."
"SIGMA5_ZERO","Don't get angry, Zero. I'm actually indebted to you.","Não fique tão irritado, Zero. Na verdade, estou em dívida com você.","No te enojes, Zero. Realmente estoy en deuda contigo.","COMING SOON :D","Ah cala essa boca ai, os meus chifres são bem feitos sim."
"SIGMA6_ZERO","It's because of you that my children were able to create this magnificent new world in space.","É por sua causa que meus filhos foram capazes de criar este magnífico novo mundo no espaço.","Es gracias a ti que mis hijos fueron capaces de crear este magnífico nuevo mundo en el espacio.",,"Ao contrário dos seus que parecem só espinhos mixurucas."
"SIGMA7_ZERO","Children?","Filhos?","¿Hijos?","子供だと？","Ao menos não tenho cara de quem foi atropelado no asfalto e tá usando gases de plasma pra substituir o corpo que nem tem."
"SIGMA8_ZERO","That's right. The New Generation Reploids born of the Jakob Project all bear copy chips containing my personal data.","Isso mesmo. Todos os Reploids da Nova Geração nascidos do Projeto Jakob possuem chips de cópia contendo meus dados pessoais.","Así es. Todos los Reploides de Nueva Generación nacidos del Proyecto Jakob portan chips conteniendo mi información personal.","COMING SOON :D","OLHASABOCAAESENÃOEUFICOPUTOPRACARAIMERMÃO, TAPENSANDOQUESOUJEGUEPRASEROFENDIDOASSIMÉCARAI?"
"SIGMA9_ZERO","Now, the plan to destroy the world you so love is finally coming to fruition!","Agora, o plano para destruir o mundo que você tanto ama está finalmente se concretizando!","Ahora, ¡El plan para destruir el mundo que tanto amas finalmente se está haciendo realidad!","COMING SOON :D","EUTEMOSTROOQUEÉUMCAPETADEVERDADE!"
"SIGMA10_ZERO","I shed no tears for you and your kind!","Não sinto nenhuma empatia por você e por sua espécie inferior!","¡No derramo lágrimas por tí ni por los tuyos!","COMING SOON :D","MORRA ZERO, APENAS MORRA ZELLLLOOOOOOOO!!!!!"
"SIGMA11_ZERO","The end of the world, and of you has come! Farewell!","O fim do mundo, e de você já chegou! Hora de dizer adeus!","¡El fin del mundo, y de tí, ha llegado! ¡Adiós!","COMING SOON :D","KAKAKAKAKAKAKAKAKKAKKKKKKKKFODA-SE MEU ESQUECI COMO QUE SE DÁ RISADA NESSE CARAI TAMBÉM >:]"
"SIGMA12_ZERO","Sigma... As long as I'm still in function, you won't get your happy ending!!!","Sigma... Enquanto eu ainda estiver em funcionamento, você nunca terá o seu final feliz!!!","Sigma... Mientras yo siga funcionando, ¡¡¡Tú no tendrás tu final feliz!!!","COMING SOON :D","Perdeu todo o consenso, já não fala nada com nada. Hora de acabar com esse chifrudo de uma vez!"
"FINALLUMINE1_ZERO","You're Lumine! The director of the Jakob Project. Are you okay?","Você é o Lumine! O diretor do Projeto Jakob. Você está bem?","¡Eres Lumine! El director del Proyecto Jakob. ¿Estás bien?","COMING SOON :D","Lumen! O diretor do Morro do Papagaio, você está bem?"
"FINALLUMINE2_ZERO","Am I OK...? Of course.","Se eu estou bem...? Mas é claro.","¿Que si estoy bien...? Por supuesto.","COMING SOON :D","......."
"FINALLUMINE3_ZERO","Now that you've defeated Sigma, I suppose you're satisfied.","Agora que você derrotou o Sigma, suponho que esteja satisfeito.","Supongo que estás satisfecho ahora que has derrotado a Sigma.","COMING SOON :D","Saudações, mero mortal. Vejo que você me despertou neste lugar."
"FINALLUMINE4_ZERO","Thanks to you, the plan has gone smoothly.","Graças a você, o plano pode continuar como deveria.","Gracias a ti, el plan ha ido bien.","COMING SOON :D","Se os meus conhecimentos estiverem certos, nós estamos na superfície da Lua, não é mesmo?"
"FINALLUMINE5_ZERO","Plan? What do you mean by that? Weren't you used by Sigma's evil schemes?","Plano? O que você quer dizer com isso? Você não foi usado pelo Sigma?","¿Plan? ¿Qué quieres decir con eso? ¿No fuiste utilizado por los planes de Sigma?","COMING SOON :D","Q-quem é você? Você não parece ser Lumine."
"FINALLUMINE6_ZERO","Used? I don't think so.","Usado? Creio que não.","¿Utilizado? No lo creo.","COMING SOON :D","Lumine? Hah, claro que não sou."
"FINALLUMINE7_ZERO","You see, he merely helped my plan along.","Não percebe? Ele apenas ajudou meu plano.","Verás, él simplemente facilitó mi plan.","COMING SOON :D","Lumine não habita nessa carcaça de Reploid com gênero duvidoso."
"FINALLUMINE8_ZERO","The New Generation Reploids have been awakened, and the new world is at hand!","A Nova Geração de Reploids foi despertada e o novo mundo está próximo de emergir!","¡Los Reploides de Nueva Generación han sido despertados y el nuevo mundo nacerá!","COMING SOON :D","Não se lembra de mim? Sou eu, a Estrela da Luz Lunar."
"FINALLUMINE9_ZERO","Lumine? What are you saying? Have you gone Maverick as well?","Lumine? O que você está dizendo? Você também se tornou um Maverick?","¡Lumine! ¿Qué estás diciendo? ¿Te has vuelto Maverick también?","COMING SOON :D","Estrela da Luz Lunar?\n! ! !\nEspera, não me diga que você é a..."
"FINALLUMINE10_ZERO","Maverick? You don't really think that's the case, do you?","Maverick? Você realmente não acha que seja esse o caso, não é?","¿Maverick? Tú no crees que realmente sea así ¿cierto?","COMING SOON :D","Correto, pimpolho, e ao julgar pela sua voz você deve ser o Minto Abu Chan."
"FINALLUMINE11_ZERO","That's why you can't finish me off, right? You don't have it in yourself...You aren't who should it be, am I right?","É por isso que você não pode acabar comigo, certo? Você não tem isso em você... Você não é quem você é de verdade.","Por eso no puedes acabar conmigo, ¿cierto? No tienes las agallas... No eres el verdadero tú.","COMING SOON :D","Não esperava que você me invocaria aqui, hehe :3"
"FINALLUMINE12_ZERO","Huh?",".........?",".........?","COMING SOON :D","Mas, espera, só você está aqui? Onde é que está o...."
"FINALLUMINE13_ZERO","Old models like you have to worry if your actions are truly your own.","Modelos antigos como vocês precisam se preocupar se suas ações são realmente suas.","Modelos antiguos como tú tienen que preocuparse si sus acciones son realmente propias.","COMING SOON :D","Lamento, se estiver procurando pelo [Personagem protagonista de Kingdom Hearts + Personagem membro do Clã Yasakani], ele não está no momento."
"FINALLUMINE14_ZERO","Who knows what might be influencing you at this very moment? A Ghost perhaps?","Quem sabe o que pode estar influenciando você neste exato momento? Um Fantasma talvez?","¿Quién sabe qué podría estar influyéndote en este mismo momento? ¿Un fantasma quizás?","COMING SOON :D","Quem sabe, algum dia, ele apareça também. Nunca se sabe, o destino pode nos enganar às vezes."
"FINALLUMINE15_ZERO","However, we New Generation Reploids were built using data derived from hundreds of old model Reploids.","No entanto, nós Reploids da Nova Geração, fomos construídos usando dados derivados de centenas de modelos antigos de Reploids.","Sin embargo, nosotros, los Reploides de Nueva Generación, fuimos construidos utilizando datos derivados de cientos de Reploides de modelos antiguos.","COMING SOON :D","Agora, deve estar se perguntando. \""Porque está com essa expressão de que eu vou te causar problemas?\"""
"FINALLUMINE16_ZERO","That's what grants us total immunity to all viruses. We can act how we choose, as it guarantees our own free will!","É isso que nos garante imunidade total a todos os vírus. Podemos agir como quisermos, pois isso garante o nosso livre arbítrio!","Eso es lo que nos concede inmunidad total a todos los virus. Podemos actuar como elijamos, ¡ya que garantiza nuestra propia libertad de voluntad!","COMING SOON :D","Resposta simples, você foi um tolo em me convocar, e por causa disso, eu sou capaz de despertar a minha outra forma"
"FINALLUMINE17_ZERO","That means, of course, that Sigma was also included in the mix. Do you understand what I'm getting at here?","Isso significa, é claro, que Sigma também foi incluído entre eles. Você entende o que quero dizer aqui?","Eso significa, por supuesto, que Sigma también fue incluido en la mezcla. ¿Entiendes a lo que voy aquí?","COMING SOON :D","Chimamire no Ekuripusu."
"FINALLUMINE18_ZERO","No Reploid would choose to be insane like Sigma was!","Nenhum Reploid escolheria ser insano como o Sigma foi!","¡Ningún Reploide elegiría volverse igual de loco que Sigma!","COMING SOON :D","China da Mii Reis no Egípcio?"
"FINALLUMINE19_ZERO","Yes, he rebelled against your world. Perhaps due to a virus.","Sim, é verdade que ele se rebelou contra o seu mundo. Talvez devido a um vírus.","Sí, se rebeló contra tu mundo. Quizás debido a un virus.","COMING SOON :D","QUE???? KKKKKKKKKK"
"FINALLUMINE20_ZERO","Maybe Sigma was right after all. You are the origin of this, Zero.","Talvez o Sigma estava certo, você é a origem de tudo isso, Zero.","Tal vez Sigma tenía razón después de todo, tú eres el origen de todo esto, Zero.","COMING SOON :D","Não seu tolo bobinho."
"FINALLUMINE21_ZERO","Thanks to you that we New Generation Reploids are able to be what we are now.","Graças a você, nós Reploids da Nova Geração podemos ser o que somos agora.","Es gracias a tí que nosotros los Reploides de Nueva Generación somos capaces de ser lo que somos ahora.","COMING SOON :D","Se pronuncia Chimamire no Ekuripusu."
"FINALLUMINE22_ZERO","You should thank us for letting all of us know how this world is rotten.","Você deveria nos agradecer por deixar todos nós sabermos como este mundo está podre.","Deberías agradecernos por hacerle saber a todos como está de podrido este mundo.","COMING SOON :D","(Como ousa esse moleque errar a pronúncia do meu nome, logo ele que adora falar em Hiragana e Katakana)."
"FINALLUMINE23_ZERO","Humans using Reploids to perpetuate their accursed cycle of aggression...","Humanos usando Reploids para perpetuar seu maldito ciclo de agressão...","Humanos usando Reploides para perpetuar su maldito ciclo de agresión...","COMING SOON :D","Agora você terá que encarar as piores consequências."
"FINALLUMINE24_ZERO","That's why our decision to wage battle against the old world was made consciously.","É por isso que a nossa decisão de travar uma batalha contra o velho mundo foi tomada conscientemente.","Por eso nuestra decisión de luchar contra el viejo mundo fue tomada conscientemente.","COMING SOON :D","Não só por ter errado a pronúncia de meu nome, mas também por pensar que ainda sou a Estrela da Luz Lunar."
"FINALLUMINE25_ZERO","In other words, we possess the power to go Maverick at will!","Em outras palavras, possuímos o poder de nos tornarmos Mavericks à vontade!","En otras palabras, ¡Poseemos el poder de volvernos Mavericks a voluntad!","COMING SOON :D","Acha que se sente seguro? Agora que sabe da entidade que acabou de invocar?"
"FINALLUMINE26_ZERO","......","......","......","COMING SOON :D","Eu..... Eu não entendo....."
"FINALLUMINE27_ZERO","Zero... Do you really have what it takes to stop us?","Zero... Você realmente tem o que é preciso para nos impedir?","Zero... ¿Realmente tienes lo que se necesita para detenernos?","COMING SOON :D","Awww, olha só pra você."
"FINALLUMINE28_ZERO","You're merely a tool of the humans. Nothing but a tool of the old world...","Você é apenas uma ferramenta dos humanos, uma ferramenta do velho mundo. Nada mais do que isso.","Solo eres una herramienta de los humanos. Nada más que una herramienta del viejo mundo...","COMING SOON :D","Minto Abu Chan. Tão pequeno, tão pacifista, tão bondoso..... Mas também tão inocente."
"FINALLUMINE29_ZERO","You think you can stand up in front of us with your Saber to those who have evolved this far?","Você acha que pode empunhar o seu Sabre contra aqueles que evoluíram até aqui?","¿Crees que puedes hacerles frente con tu Sable a aquellos que han evolucionado así de lejos?","COMING SOON :D","Acha que compreende alguma coisa sobre mim? Entende algo de mim?"
"FINALLUMINE30_ZERO","Ha ha ha ha ha ha ha ha ha ha!  You don't even know what you're fighting for!","Ha ha ha ha ha ha ha!  Você nem sabe pelo o que está lutando!","¡Ja ja ja ja ja ja! ¡Ni siquiera sabes por qué estás luchando!","COMING SOON :D","Não, claro que não, até porque se convivesse no mesmo universo que o meu, suas esperanças já teriam sido estilhaçadas."
"FINALLUMINE31_ZERO","Playing as a \""Hero\"" who doesn't seem to know that the end of your world has already begun!","Agindo como um \""Herói\"" que parece não saber que o fim do seu mundo já começou!","¡Jugando a ser un \""héroe\"" que no parece saber que el fin de tú mundo ya ha comenzado!","COMING SOON :D","O que houve, qual o motivo de sua expressão furiosa?"
"FINALLUMINE32_ZERO","You think your actions are really for your so-called \""Justice\""? We're the true justice!","Você acha que suas ações são realmente pela sua tal \""Justiça\""? Nós que somos a verdadeira justiça!","¿Crees que tus acciones realmente son por tu susodicha \""Justicia\""? ¡Nosotros somos la verdadera justicia!","COMING SOON :D","Quer tentar me impedir? Logo você? Um mero mortal que se proclama um \""Guardião da Terra\""?"
"FINALLUMINE33_ZERO","The world is changing. Therefore, it's only natural that evolution takes its course!","O mundo está mudando. Portanto, é natural que a evolução siga o seu curso!","El mundo está cambiando. Por lo tanto, ¡Es simplemente natural que la evolución siga su curso!","COMING SOON :D","Ha ha ha ha ha ha! Assim você me mata do coração, como se eu tivesse um é claro."
"FINALLUMINE34_ZERO","Now, line up to be exterminated, so I can end your suffering forever!","Agora, venha até mim para ser exterminado. Assim poderei acabar com o seu sofrimento, pra sempre!","Ahora, ¡Prepárate para ser exterminado!","COMING SOON :D","Que tal eu só terminar sua tortura e estupidez matando você aqui e agora?"
"FINALLUMINE35_ZERO","Justice? Hero? And who said I fought for these purposes?","Justiça? Herói? E quem disse que lutei por esses propósitos?","¿Justicia? ¿Héroe? ¿Y quién dijo que yo lucho por esas cosas?","COMING SOON :D","E acha que eu vou simplesmente te obedecer?! Eu sou bondoso, mas não a esse nível de aceitação!"
"FINALLUMINE36_ZERO","I only fought for what I thought was right and for those who believe that hope exists.","Só lutei pelo o que achei certo, e por aqueles que acreditam que ainda existe esperança.","Yo solo luché por lo que creía que es correcto, y por aquellos que creen que existe esperanza.","COMING SOON :D","Pode não ser a Estrela da Luz Lunar que eu conheço, mas não vou render minhas esperanças por isso!"
"FINALLUMINE37_ZERO","You're the enemy here... And I won't hesitate slicing you down!","Você é o inimigo aqui... E eu não vou hesitar em cortar você ao meio!","Tú eres el enemigo aquí... ¡Y no dudaré en cortarte!","COMING SOON :D","Faça o pior que tiver, eu não temo você e nem os meus próprios medos. Se eu invoquei você então eu mesmo vou expulsá-la daqui!"
"FINALLUMINE38_ZERO","Enemy, ally... This issue isn't so black and white.","Inimigo... Aliado... Esse assunto não é tão preto no branco.","Enemigo... aliado... Este asunto no es tan blanco y negro.","COMING SOON :D","Tch! Sabe eu vim aqui descontar toda a minha raiva em cima de um bando de mortais."
"FINALLUMINE39_ZERO","Reploids, along with humanity, have irrevocably changed.","Os Reploids, junto com a humanidade, mudaram irrevogavelmente.","Reploides, junto con la humanidad, han cambiado irrevocablemente.","COMING SOON :D","Mas agora que eu te conheço melhor, SÓ ME DÁ MAIS VONTADE DE TE MATAR!!! >:("
"FINALLUMINE40_ZERO","The nature of their existence has also changed. You are not needed in our new world!","A natureza de sua existência também mudou. Você não é necessário em nosso novo mundo!","La naturaleza de su existencia también ha cambiado. ¡Tú no eres necesario en nuestro nuevo mundo!","COMING SOON :D","A natureza de sua existência deve perecer de uma vez. Eu vou acabar com você e aniquilar a sua alma de uma vez por todas! MORRA!!!!"
"FINALLUMINE41_ZERO","You can babble all you want, but I'm not going to let you get away with this!","Fale quantas asneiras você quiser, mas não vou deixar você escapar impune!!!","Puedes parlotear todo lo que quieras, ¡¡Pero no voy a permitir que te salgas con la tuya!!","COMING SOON :D","Fale quantas asneiras você quiser, mas não vou deixar você escapar impune. HONKI DE IKU ZE!!!! EGIPCIO!!!!!!!!!"
"SECRET2-1_ZERO","Welcome Zero, it's a pleasure to meet you for the first time.","Bem-vindo Zero, é um prazer conhecê-lo pela primeira vez.","Bienvenido Zero, es un placer verte por primera vez","ようこそ、初めまして。お会い出来て光栄ですよ、ゼロさん","Bem-vindo ZeeZ, é um prazer conhecê-lo pela primeira vez."
"SECRET2-2_ZERO","Huh? Oh, thanks. You don't look like a Maverick just like the others.","Hein? Ah, obrigado. Você não parece um Maverick assim como os outros.","¿Ah? Oh, gracias. No pareces ser un Maverick como los otros.","ん？あぁ。お前はさっきまでの奴らと違ってイレギュラー反応はちっともしないな。","Hein? Ah, obrigado. Você não parece um Irregular assim como os outros."
"SECRET2-3_ZERO","I can feel something... Peaceful in your presence, who are you?","Posso sentir algo... Tranquilo em sua presença, quem é você?","Siento algo... Pacífico en tu presencia, ¿Quién eres?","何か、穏やかな気配を感じている。何者なんだ？","Posso sentir algo... Tranquilo em sua presença, quem é você?"
"SECRET2-4_ZERO","How observant of you to notice so quickly.","Muito perspicaz da sua parte notar meus traços.","Qué observador de tu parte darte cuenta tan rápido.","こんなに早く気付くは、鋭い観察力ですね。","Muito perspicaz da sua parte notar meus traços."
"SECRET2-5_ZERO","I am Serenade.","Eu me chamo Serenade.","Soy Serenade.","私はセレナードと申します。","Meu nome é NeeN. Perdão, é Serenata. (KKKKKKKKKKKK)"
"SECRET2-6_ZERO","You mentioned I'm different from others you faced before?","Você mencionou que sou diferente dos outros que você enfrentou antes?","¿Mencionaste que soy diferente a otros con los que te has enfrentado antes?","確か、これまでの相手とは全然違うと、おっしゃいましたね？","Você mencionou que sou diferente dos outros que você enfrentou antes?"
"SECRET2-7_ZERO","That is because of my overwhelming power.","Isso se dá devido ao meu incrível poder.","Eso es por mi poder abrumador.","きっとそれは、私に秘めている圧倒的な力が原因なのでしょう。","Isso se dá devido ao meu incrível poder fudido."
"SECRET2-8_ZERO","Overwhelming?","Incrivel?","¿Abrumador?","圧倒的だと？","Incrível? Perai, FUDIDO???????"
"SECRET2-9_ZERO","Correct. My strength isn't about aggression. I've been training ever since I lost the title of UnderKing.","Correto. Minha força não é sobre agressão, venho treinando desde que perdi o título de UnderKing para me tornar mais forte.","Correcto. Mi fuerza no es sobre agresión. He estado entrenando desde que perdí el título de UnderKing.","左様。しかしこれは決して怒りではなく、「ウラの王」という称号を失ってから重ねてきた訓練の結晶です。","Correto. Minha força não é sobre agressão, venho treinando desde que perdi o título de Embaixo Rei para me tornar mais forte."
"SECRET2-10_ZERO","Now that you mentioned my presence, I feel that you're somehow.... Familiar.","Agora que você mencionou minha presença, sinto que você é de alguma forma... Familiar.","Ahora que mencionaste mi presencia, siento que eres algo... familiar.","私の気配を感知した今、あなたのことから少し...親近感を感じています。","Agora que você mencionou minha presença, sinto que você é de alguma forma... Familiar."
"SECRET2-11_ZERO","Hmmm?","Hmm?","¿hmm?","ん?","Hmm?"
"SECRET2-12_ZERO","Could be that.... You are the one destined to bring destruction to us?","Será que... Você é aquele destinado a nos trazer destruição?","¿Será que... tú eres el que está destinado a traernos a la destrucción?","それはもしや、我らに破壊を齎す運命が定められているからでは？","Será que... Você é aquele destinado a nos trazer destruição?"
"SECRET2-13_ZERO","What? What do you know about me? Tell me right now!","O quê? O que você sabe sobre mim? Diga-me agora mesmo!","¿Qué? ¿Qué es lo que sabes sobre mi? ¡Dímelo ahora!","はぁ？俺のどこを知っているんだ？さっさと教えてもらおう！","O quê? O que você sabe sobre mim? Diga-me agora mesmo!"
"SECRET2-14_ZERO","Why don't you fight me and find out?","Por que você não luta comigo e descobre?","¿Por qué no luchas conmigo y lo descubres?","私との決闘で確かめてみてはいかがです？","Por que você não luta comigo e descobre?"
"SECRET2-15_ZERO","For twenty years, I've amassed power and refined my abilities. I choose you to be able to test them.","Por vinte anos, acumulei poder e refinei minhas habilidades. Eu escolho você para poder testá-los.","Por veinte años, he reunido poder y refinado mis habilidades. Te elijo como alguien capaz de ponerlas a prueba.","この20年間、力を蓄え、能力を磨いてきました。その成果を、あなたで確かめてもらえませんか？","Por vinte anos, acumulei poder e refinei minhas habilidades. Eu escolho você para poder testá-los."
"SECRET2-16_ZERO","Serenade, right?","Serenade, não é?","Serenade, ¿cierto?","名はセレナードだったな？","Serenata, não é?"
"SECRET2-17_ZERO","Very well then, I accept your duel. Let's do it!","Muito bem então, eu aceito seu duelo. Pode vir!","Muy bien entonces, acepto tu duelo. ¡Hagámoslo!","ならば、決闘を受けて立つ。掛かってくるんだ！","Muito bem então, eu aceito seu duelo. Let's do it!"
"SECRET2-18_ZERO","So be it, come on Zero! Show me your strength as well!","Que assim seja, vamos Zero! Mostre-me sua força também, dê tudo de si!","Que así sea, ¡Adelante Zero! ¡Muestrame tu poder!","仰せの通り。では、ゼロさん！あなたの力を見せてもらいましょう！","Que assim seja, vamos ZeeZ! Mostre-me sua força também... E toma cuidado pra não dar muito rage hein, kkkkkk."
"SECRET2-19_ZERO","I truly believed my power would be enough to defeat you. It seems I was mistaken.","Eu realmente acreditei que meu poder seria suficiente para derrotar você. Parece que eu estava enganado.","Realmente confié en que mi poder sería suficiente para derrotarte. Al parecer estaba equivocado.","あなたを負かせる程の力だと思い込んできましたが...どうやら勘違いのようですね...","Eu realmente acreditei que meu poder seria suficiente para derrotá-lo. Parece que eu estava enganado."
"SECRET2-20_ZERO","Now that I've observed your way of fighting better, you don't appear to be like \""him\"".","Agora que observei melhor seu jeito de lutar, você não parece ser como \""ele\"".","Ahora que he observado mejor tu forma de pelear, no pareces ser como \""él\"".","お前の戦闘方法を確かめた今、「奴」との共通点は一切なしだろ。","Agora que observei melhor seu jeito de lutar, você não parece ser como \""ele\""."
"SECRET2-21_ZERO","You share strong similarities, but you seem to know what you're fighting on.","Vocês compartilham fortes semelhanças, mas você parece saber pelo o que está lutando.","Comparten muchas similaridades, pero tu pareces saber por qué estás luchando.","そういうあなたにはありながら、戦っている意味をご存じのようで。","Vocês compartilham fortes semelhanças, mas você parece saber pelo o que está lutando."
"SECRET2-22_ZERO","Are you saying that there is a counterpart of me which is my opposite?","Você está dizendo que existe uma contraparte minha que é o meu oposto?","¿Acaso dices que hay una contraparte mía que es mi opuesto?","まさか...俺に相反するもう一人の俺がいるっていうのか？","Você está dizendo que existe uma contraparte minha que é o meu oposto?"
"SECRET2-23_ZERO","Indeed, but I fear that he will be defeated by \""another warrior\"" just like me.","Sim, mas temo que ele será derrotado por \""outro guerreiro\"" assim como eu.","En efecto, pero me temo que él será derrotado por \""otro guerrero\"" como yo.","左様。しかし恐らく、私の時と同様に、「別の英雄」に討たれる運命なのでしょう。","Sim, mas temo que ele será derrotado por \""Um youtuber fã do Needle Man\"" assim como eu."
"SECRET2-24_ZERO","You fought beautifully, Zero. You truly were the strongest opponent that I've encountered in this world.","Você lutou bravamente, Zero. Você realmente foi o oponente mais forte que encontrei neste mundo.","Luchaste majestuosamente, Zero. Realmente eres el oponente más fuerte que he encontrado en este mundo.","実に華麗な決闘ぶりですよ、ゼロさん。あなたは正しく、この世で出会った中で最強の相手なのです。","Você lutou bravamente, ZeeZ. Você realmente foi o oponente mais forte que encontrei neste mundo."
"SECRET2-25_ZERO","I wish I had something more to offer as a reward... but all I can give is my gratitude.","Eu gostaria de ter algo mais para oferecer como recompensa... Mas tudo que posso oferecer é minha gratidão.","Desearía tener algo más que ofrecerte como recompensa... pero todo lo que puedo darte es mi gratitud.","報いるものを致し兼ねるのは誠に残念ですが、せめて感謝の気持ちだけを残しておきましょう。","Eu gostaria de ter algo mais para oferecer como recompensa... mas tudo que posso oferecer é minha gratidão. :^)"
"SECRET2-26_ZERO","Heh, no need to worry about it. Just the fact that you weren't a Maverick makes me feel rewarded.","Heh, não precisa se preocupar. Só o fato de você não ser um Maverick já me faz recompensado.","Je, no hay de qué preocuparse. Solo el hecho de que no fueras un Maverick me hace sentir recompensando.","ふふぅ、ご心配に及びませんよ。あなたがイレギュラーではなかった事が何よりの報酬ですよ。","Heh, não precisa se preocupar. Só o fato de você não ser um Irregulaal me faz recompensado."
"SECRET2-27_ZERO","Perhaps we'll meet again, in another place... until then, farewell, Zero.","Talvez nos encontraremos de novo, em algum outro lugar... Até lá, adeus, Zero.","Tal vez nos veamos de nuevo, en otro lugar... hasta entonces, adios, Zero.","いずれはまたお会いできる事でしょう。別の場所で。とりあえず、さようなら... ゼロさん。","Talvez nos encontraremos de novo, em algum outro lugar... até lá, adeus, ZiiZ."
"SECRET2-28_ZERO","And remember, think about what you are really fighting for.","E lembre-se, pense no que você realmente está lutando.","Y recuerda, piensa en aquello por lo que realmente estás luchando.","そして忘れないで下さい。何の為に戦っているのかを...","E lembre-se, pense no que você realmente está lutando."
"SECRET2-29_ZERO","...","...","...","...","AAAAAAAAAAAAAAAAAAAAAAAAAAAAAAAAHHHHHHHHHH!!!!!"
"SECRET3-1_ZERO","Y... You!","V... Você!","¡T... Tú!","き…貴様は！","! ! !\nEi! Seu bunda mole!"
"SECRET3-2_ZERO","Oh, so it's you, you were fighting alongside Axl against us, weren't you?","Ah, então é você, você estava lutando ao lado de Axl contra nós, não estava?","Oh, así que eres tú, estuviste luchando junto a Axl contra nosotros, ¿cierto?","ほう… 確かお前、アクセルと共に我らに歯向かった奴だな。","Falou comigo?"
"SECRET3-3_ZERO","Don't move! This area is restricted to S Class Hunters, Hand over that data to me right now!","Não se mexa! Esta área é restrita aos Caçadores de Classe S, entregue-me esses dados agora mesmo!","¡No te muevas! Esta área está restringida a Cazadores de clase S, ¡Entregame esos datos ahora!","そこを動くな！このエリアはS級ハンター以外は立ち入り禁止だ。そのデータを渡してもらおう！","Não gracinha, falei com a puta que te pariu."
"SECRET3-4_ZERO","Do you not get it yet? With this, we can hunt Mavericks more effectively than the Hunters ever could.","Você ainda não entendeu? Com isso, podemos caçar Mavericks de forma mais eficaz do que os Caçadores jamais poderiam.","¿Acaso aún no lo entiendes? Con esto, podemos cazar Mavericks como los Cazadores de Mavericks jamás pudieron.","分からないのか？このデータさえあれば、イレギュラー退治なんぞお前らハンター以上に成し遂げられるのだ！","........ Ainda bem."
"SECRET3-5_ZERO","After all, you fought for so long. We could be a great help to you, but for a price of course.","Afinal, vocês lutaram por tanto tempo. Poderíamos ser uma grande ajuda para vocês, mas por um preço, é claro.","Después de todo, lucharon por tanto tiempo. Podríamos serles de gran ayuda, por un precio por supuesto.","お前らは随分前から活動しているようだし、手を貸してやってもいい。ただし、高くつくぞ。","Até um outro dia!"
"SECRET3-6_ZERO","Do you think facing the Mavericks is just a game? What would make a bounty hunter such as you think that way?","Você acha que enfrentar os Mavericks é apenas um jogo? O que faria um Caçador de Recompensas como você pensar assim?","¿Crees que enfrentarte a los Mavericks es un juego? ¿Qué haría que un cazarrecompensas como tú piense así?","イレギュラー退治をただのゲームだと思ってるのか。賞金稼ぎの貴様がよくそんな考え方ができるな。","Um momento amigo!"
"SECRET3-7_ZERO","Hmph, you really are an S-Class Hunter, aren't you?","Hmph, você realmente é um Caçador classe S, não é mesmo?","Hmph, realmente eres un Cazador de clase S...","ふん！流石にＳ級ハンターだけのことはあるな、ゼロ。","Tch!"
"SECRET3-8_ZERO","Why don't you face me, then? I want to see if you remain as merciless as always.","Por que você não me enfrenta então? Quero ver se você continua o mesmo impiedoso de sempre.","Por qué no te enfrentas a mi entonces. Quiero ver si sigues siendo igual de despiadado como siempre.","じゃ、さっさとかかってくれたらどうだ。あの頃の貴様の無慈悲を確かめてもらおう。","Fala logo o que você quer de uma vez caralho!"
"SECRET3-9_ZERO","Shall we get things started?","Vamos começar?","¿Comenzamos entonces?","よし、はじめるとするか！","Aposto que essa sua atitude deve ser equivalente ao cu de sua mãe."
"SECRET3-10_ZERO","Tch, not bad.... For an old timer...","Tch, nada mal.... Para um velhote...","Tch, No está mal... para un anciano...","ふっ…老人にしては悪くはないな…","Tch! Que desgraça rapaiz, tu fudeu com meu maquiado mermão, mai que poha cara."
"SECRET3-11_ZERO","If you dare to get in our way one more time, I won't hesitate to slice you into pieces again.","Se você se atrever a nos atrapalhar mais uma vez, não hesitarei em cortá-lo em pedaços novamente.","Si te atreves a estorbarnos una vez más, no dudaré en cortarte a pedazos de nuevo.","これ以上　俺たちの邪魔をしてくれたら、容赦なく切り刻んでやるからな！","Já fiz isso contra um membro de uma banda famosa e nem por isso ele reclamou no final."
"SECRET3-12_ZERO","And Axl would be disappointed if he knew his mentor didn't learn from his mistakes.","E Axl ficaria desapontado se soubesse que seu mentor não aprendeu com seus erros.","Y Axl estaría decepcionado si supiera que su mentor no aprendió de sus errores.","「センセイ」がちっとも反省していない事を聞いたら、アクセルがきっとがっかりするだろうな。","E além disso, Axl tem uma cicatriz na cara também. Então deixa de ser um ramelão da desgraça e aceita."
"SECRET3-13_ZERO","Ha ha ha... Maybe you were right after all.","Ha ha ha... Talvez você esteja certo afinal.","Ja ja ja... Quizás tenías razón después de todo.","ハハハァ….もしかしたらそうかもな。","Ha ha ha... Pensando melhor, acho que ter uma cicatriz fudida na cara não deve ser tão ruim. Melhor eu seguir os conselhos ""Casuais"" dele."
"SECRET3-14_ZERO","Next time we met, it won't be that easy. Farewell Zero.... And please, keep supporting my boy.","Da próxima vez que nos encontrarmos, não será tão fácil. Adeus Zero.... E por favor, continue apoiando meu garoto.","La próxima vez que nos encontremos, no será tan fácil. Adiós Zero.... Y por favor, sigue apoyando a mi muchacho.","今後はそう簡単には行かないだろうな。アバよ、ゼロ... アクセルの事、よろしく頼む。","Bem, então é isso, a gente se vê, até outro dia."
"SECRET3-15_ZERO","...","...","...","…","Oxi mas e o X7 Dema- ah esquece, timbora logo vai."
"FINAL-6","Roger!","Entendido!","¡Entendido!","了解！","Não não não não não, você também X todo cagado e chorão ai, aff maria vou desligar samerda. Venham logo pra base seus puto."
"VILE4-6_AXL","Maybe I'll wait till the last possible moment and have a little fun with this.","Vou me divertir e só acabar com você no último segundo!","Quizás espere hasta el último momento posible y me divierta un poco con esto.","ギリギリなところまで待って、ちょっと楽しませてもらうとするか！","NÃO! NÃO VAI TER! (O povo não presta atenção aaaaaaa)"
"SUNFLOWER_ZERO_WEAPON","Tenshouha\n(Heaven Shine Wave)","Tenshouha\n(Onda do Brilho Celestial)","Tenshouha\n(Ola de Brillo Celestial)","Tenshouha\n(Heaven Shine Ruler)","TENSHOUHA! OOOOOH!"
"ANTONION_ZERO_WEAPON","Juuhazan\n(Heavy Slash Wave)","Juuhazan\n(Onda do Corte Pesado)","Juuhazan\n(Onda de Corte Fuerte)","Juuhazan\n(Heavy Slash Wave)","Tio Razão"
"MANTIS_ZERO_WEAPON","Rasetsusen\n(Swirling Temple Whirl)","Rasetsusen\n(Redemoinho do Giro Espiral)","Rasetsusen\n(Giro Espiral del Templo)","Rasetsusen\n(Swirling Temple Whirl)","Tá 100%"
"MANOWAR_ZERO_WEAPON","Raikousen\n(Lightning Flash)","Raikousen\n(Relâmpago Intenso)","Raikousen\n(Destello Relámpago Intenso)","Raikousen\n(Lightning Flash)","Ai Frozen"
"PANDA_ZERO_WEAPON","Youdantotsu\n(Leaf Severing Thrust)","Youdantotsu\n(Investida da Folha Cortante)","Youdantotsu\n(Estocada Cortante de Hojas)","Youdantotsu\n(Leaf Severing Thrust)","Que olhar torso"
"TRILOBYTE_ZERO_WEAPON","Rekkyoudan\n(Violent Mirror Sever)","Rekkyoudan\n(Corte do Espelho Violento)","Rekkyoudan\n(Corte De Espejo Violento)","Rekkyoudan\n(Violent Mirror Sever)","Rei Cordão"
"YETI_ZERO_WEAPON","Hyouryushou\n(Ice Dragon Rise)","Hyouryushou\n(Dragão do Gelo Ascendente)","Hyouryushou\n(Ascenso del Dragón Helado)","Hyouryushou\n(Ice Dragon Rise)","Que hora é o Show"
"ROOSTER_ZERO_WEAPON","Enkoujin\n(Blaze Drop Blade)","Enkoujin\n(Queda da Lâmina Ardente)","Enkoujin\n(Hoja de Caída Llameante)","Enkoujin\n(Blaze Drop Blade)","Em Frojin"
"ZERONORMAL_NAME","Normal Body","Corpo Normal","Cuerpo normal","通常のボディ","Loiro"
"ZERONORMAL_DISC","Without special abilities.","Sem Habilidades Especiais.","Sin habilidades especiales.","特殊技なし","SDC Abuser"
"ZEROBLACK_NAME","???","???","???","???","Loiro & Preto"
"ZEROBLACK_DISC","Overall buffs.","Aprimoramentos extras.","Mejoras adicionales.","大体のバフ","Partiu beber sangue de Mavericks!"
"NEXT_CHARACTER_NAME","NEXT CHARACTER","PRÓX. PERSONAGEM","PERSONAJE SIG.","次のキャラ","PRÓX. PERSONAGEM"
"NEXT_CHARACTER_DISC","Switch to the next character","Mudar para o próximo personagem","Cambiar al personaje siguiente","次のキャラクターに切り替える","Mudar para o próximo personagem"
"PREV_CHARACTER_NAME","PREV. CHARACTER","PERSONAGEM ANT.","PERSONAJE ANT.","前のキャラ","PERSONAGEM ANT."
"PREV_CHARACTER_DISC","Switch to the previous character","Mudar para o personagem anterior","Cambiar al personaje anterior","前のキャラクターに切り替える","Mudar para o personagem anterior"
"ZEROBODY_NAME","Default Body","Peitoral","Peto","DEFAULT BODY","Mamilos"
"ZEROBODY_DESC","15% Damage Reduction","15% de redução de dano","15% reducción de daño","受けるダメージが15％軽減される","15% de redução de dano"
"X_LEFT_TITLE_1","Head:","Capacete:","Casco:","HEAD","Chifres:"
"X_LEFT_DESC_1","DNA Copy system for X Buster","Sistema de cópia de DNA para o X Buster.","Sistema de copia de ADN para X Buster.","遺伝子コピー性能が搭載されたXバスター","Sistema de roubar DNA para o XiiX Buster."
"X_LEFT_TITLE_2","Arms:","Braços:","Brazos:","ARMS","Braços"
"X_LEFT_DESC_2","X-Buster MK17, fires chargeable solar energy.","X-Buster MK17, dispara energia solar carregável.","X-Buster MK17, dispara energía solar cargable.","チャージ可能な太陽光エネルギーを放射するＸバスターMK-17","Berro - MK2112114, dispara energia solar recarregável."
"X_LEFT_TITLE_3","Body:","Corpo:","Cuerpo:","BODY","Peitcholas"
"X_LEFT_DESC_3","Titanium X Alloy, highly damage-resistant.","Liga de Titânio X, altamente resistente a danos.","Aleación de Titanio X, altamente resistente al daño.","Ｘ型チタニウム製。高度なダメージ耐性がある。","Liga de Titânio X, altamente resistente a danos."
"X_LEFT_TITLE_4","Legs:","Pernas:","Piernas:","LEGS","Saltos:"
"X_LEFT_DESC_4","Air Dash system for aerial travel.","Sistema de Dash Aéreo para movimentação aérea.","Sistema de Air Dash para movimento aéreo.","飛翔行動に備えた空中ダッシュ機能","Sistema de Dash Aéreo para movimentação aérea."
"X_RIGHT_DESC","Magnum Opus of Dr. Thomas Light. Origin of all Reploid-kind.\n\nAn all-round Hunter who can attack at a long range.\n\n\nA good choice for beginner players.","Magnum Opus do Dr. Thomas Light. Origem de todos os tipos de Reploid.\n\nUm caçador versátil que pode atacar a longa distância.\n\n\nUma boa escolha para jogadores iniciantes.","Magnum opus del Dr. Thomas Light. Origen de toda la raza Reploid.\n\nUn cazador versátil que puede atacar a larga distancia.\n\n\nUna buena elección para jugadores principiantes.","ライト博士の最高傑作。\n\n全てのレプリロイドの起源となる存在。\n\n遠距離攻撃に特化した万能なハンター。\n\n初心者におすすめ。","Mega Man da Saga Classica do Futuro. É a versão melhorada de Rock, confia no pai.\n\nHesita em lutar e por isso não para de sofrer e é muito reclamão, Estado Emo ativado o jogo inteiro.\n\n\nUma boa escolha para noobs kkkk."
"ZERO_LEFT_TITLE_1","Head:","Capacete:","Casco:","HEAD","Chifres:"
"ZERO_LEFT_DESC_1","Learns new techniques from combat.","Aprende novas técnicas lutando.","Aprende nuevas técnicas luchando","戦闘相手から新たなスキルを習得する","Aprende novas técnicas lutando."
"ZERO_LEFT_TITLE_2","Z-Saber:","Z-Sabre:","Sable Z:","ゼットセイバー:","Hu Ha Hu!:"
"ZERO_LEFT_DESC_2","A beam saber for multi-strike combos.","Uma espada afiada para combos de múltiplos golpes.","Un sable de luz para combos de múltiples ataques.","連続斬撃に特化したビームセイバー","Slash Dash Cancel nas veias porque ninguem aceita que é um glitch e não parte da gameplay"
"ZERO_LEFT_TITLE_3","Body:","Corpo:","Cuerpo:","BODY","Mamilos Verdes:"
"ZERO_LEFT_DESC_3","Improves mobility and boosts energy for powerful moves.","Melhora a mobilidade e aumenta a energia para movimentos poderosos.","Mejora la movilidad y aumenta la energía para movimientos poderosos.","強力な技に伴い、体力と器用さを強化させる","Melhora a mobilidade e aumenta a energia para movimentos poderosos."
"ZERO_LEFT_TITLE_4","Air Waltz:","Pulo Duplo:","Danza Aerea:","AIR DANCE","Saltos Duplo:"
"ZERO_LEFT_DESC_4","Mid-air second jump with thrusters.","Segundo salto no ar com propulsores","Segundo salto en el aire con propulsores.","スラスターを使用した2段ジャンプ","Acrobacias de profissional."
"ZERO_RIGHT_DESC","Leads the Hunters in X’s absence. Has ties to the Sigma Virus.\n\nThis powerful Hunter is a skilled close-combat fighter.\n\nA good choice for experienced players.","Lidera os Caçadores na ausência de X. Está relacionado ao Vírus Sigma.\n\nEste poderoso Caçador é um lutador habilidoso em combate corpo a corpo.\n\nUma boa escolha para jogadores experientes.","Lídera a los Cazadores en ausencia de X. Esta relacionado con el Virus Sigma.\n\nEste poderoso cazador es hábil en combate cuerpo a cuerpo.\n\nUna buena elección para jugadores experimentados.","エックスが留守の間にハンターの副司令官を務める。\n\n近接攻撃に特化した強力なハンター。\n\n経験者におすすめ。","Matou todo mundo da saga Classica, confia.\n\nLoirão de cachos bananudos famoso por atrair mulheres bonitas e depois matá-las... mas que relacionamento de um homem macho.\n\nUma boa escolha pra quem joga de Marth no Smash Bros."
"AXL_LEFT_TITLE_1","Copy Chip:","Chip de Cópia:","Chip de copia:","COPY CHIP","Chip de Mímico:"
"AXL_LEFT_DESC_1","Allows Axl to copy enemy abilities.","Permite que Axl copie habilidades de seus inimigos.","Permite que Axl copie habilidades de sus enemigos.","敵の能力をコピーさせてくれる","Permite que Axl copie habilidades de seus inimigos."
"AXL_LEFT_TITLE_2","Axl Bullet:","Pistola do Axl:","Axl Bullet:","AXL BULLET","Edson:"
"AXL_LEFT_DESC_2","Fires rapid powerful bullets.","Dispara balas rápidas e poderosas.","Dispara balas rápidas y poderosas.","強力な銃弾を連射する","Pega a metralhadora Ratatatatatatatatatata."
"AXL_LEFT_TITLE_3","Lightweight Frame:","Corpo leve:","Cuerpo ligero:","軽度フレーム","Peicholas:"
"AXL_LEFT_DESC_3","Increases mobility and enables dodging ability.","Aumenta a mobilidade e permite a capacidade de esquiva.","Aumenta la movilidad y permite esquivar.","動作性を向上させ、回避機能を起動させる軽度な機体","Aumenta a mobilidade e permite a habilidade de rolada (Ui)."
"AXL_LEFT_TITLE_4","Hover:","Pairada:","Levitación:","HOVER","Foot Parts Glide Armor:"
"AXL_LEFT_DESC_4","Allows hovering in mid-air. (Hold Shot + Jump Button to hover while attacking)","Permite pairar no ar por um período de tempo. (Segure o botão de Tiro + Pulo ao mesmo tempo e poderá pairar enquanto está atirando)","Permite flotar en el aire. (mantenga el botón de disparo + salto para flotar y atacar en el aire al mismo tiempo)","空中ホバーが可能になる","Permite pairar no ar por um período de tempo. (Segure o botão de Tiro + Pulo ao mesmo tempo e poderá pairar enquanto está atirando)"
"AXL_RIGHT_DESC","A New Generation Reploid prototype equipped with a copy chip, his origin still remains unknown.\n\nA nimble Hunter able to dodge enemy attacks.\n\nA good choice for adaptable players.","Um Reploid protótipo da Nova Geração equipado com um chip de cópia, sua origem ainda permanece desconhecida.\n\nUm Caçador ágil capaz de desviar de ataques inimigos.\n\nUma boa escolha para jogadores adaptáveis.","Un Reploid prototipo de Nueva Generación equipado con un chip de copia, su origen sigue siendo desconocido.\n\nUn Cazador ágil capaz de esquivar ataques enemigos\n\nUna buena elección para jugadores adaptables.","コピーチップが装着されている新世代型レプリロイドのプロトタイプ","Também conhecido como X Menos.\n\nÉ um moleque Protótipo experimental dos Guns N' Roses, que só sabe meter bala em geral.\n\nUma boa escolha para os Dark Souls da vida."
"GAME_START_X","START AS X","INICIAR COM O X","COMIENZA COMO X","START AS X","USAR O CHORÃO"
"GAME_START_AXL","START AS AXL","INICIAR COM O AXL","COMIENZA COMO AXL","START AS AXL","USAR O BASS"
"GAME_START_ZERO","START AS ZERO","INICIAR COM O ZERO","COMIENZA COMO ZERO","START AS ZERO","USAR O HU HA HU!"
"SUBTANK_NAME","Subtank","Subtanque","Sub tanque","サブタンク","Antarctica"
"SUBTANK_DISC","Reserve tanks for emergency","Tanques de reserva para emergência","Tanques de reserva para emergencia","緊急事態用の回復タンク","Desliga, tá chapado demais hoje"
"HEARTS_NAME","Life Up","Coração","Corazones","ライフアップ","Cogumelo"
"HEARTS_DISC","Increases your Life Energy","Aumenta seus pontos de vida","Aumentan tu vida máxima","体力の最大値を上げる","Desliga, deixa o jogo mais facil ;)"
"BLACKZEROHEAD_NAME","Black Head Part","Capacete","Cabeza Negra","ブラックヘッドパーツ","Cabeça preta"
"BLACKZEROHEAD_DISC","Attacks heal damage taken","Ataques curam danos sofridos","Ataques curan daño sufrido","敵に与える攻撃で受けた分のダメージを回復する","Ataques curam danos sofridos"
"BLACKZEROBODY_NAME","Black Body Part","Peitoral","Peto Negro","ブラックボディパーツ","Mamilos não Pretos"
"BLACKZEROBODY_DISC","No knockback, 15% Damage Reduction","Não é empurrado ao tomar dano, reduz dano em 15%","Inmune al empujo por daño, 15% menos daño","ノックバックを無効化、受けるダメージが15％軽減される","Não é empurrado ao tomar dano, reduz dano em 15%"
"BLACKZEROARM_NAME","Black Arm Part","Braços","Brazo Negro","ブラックアームパーツ","Braços Pretos"
"BLACKZEROARM_DISC","Deal 20% more damage, enhance abilities","Aumenta 20% do dano, melhora habilidades","Causa 20% más daño, mejora habilidades","与えるダメージが20％上昇、能力を強化させる","Causa 20% mais dano, melhora habilidades"
"BLACKZEROLEG_NAME","Black Foot Part","Pernas","Botas Negras","ブラックふっとパーツ","Pernas de Negão"
"BLACKZEROLEG_DISC","Speed buff, extra jump in air","Aumento de velocidade, salto extra no ar","Más velocidad, salto extra en el aire","スピード向上、もう一回ジャンプが可能","Aumento de Velocidade, salto extra no ar"
"AXLWHITEHEAD_NAME","White Head Part","Capacete","Cabeza Blanca","ホワイトヘッドパーツ","Capalete"
"AXLWHITEHEAD_DISC","Bullets heal damage taken","As balas curam os danos sofridos","Balas curan el daño sufrido","敵に攻撃を与えると受けた分のダメージが回復される","As balas curam os danos sofridos"
"AXLWHITEBODY_NAME","White Body Part","Peitoral","Peto Blanco","ホワイトボディパーツ","Cocete"
"AXLWHITEBODY_DISC","No knockback, 30% damage reduction","Não é empurrado ao tomar dano, reduz dano em 30%","Inmune al empujo por daño, 30% menos daño","ノックバックを無効化、受けるダメージを30％軽減","Não é empurrado ao tomar dano, reduz dano em 30%"
"AXLWHITEARM_NAME","White Arm Part","Braços","Brazo blanco","ホワイトアームパーツ","Braços"
"AXLWHITEARM_DISC","Ammo cost reduced by 50%","Custo de munição reduzido em 50%","Costo de munición reducido en 50%","特殊武器の消費値が50％軽減","Custo de munição reduzido em 50%"
"AXLWHITELEG_NAME","White Foot Part","Pernas","Botas Blancas","ホワイトフットパーツ","Lady Legasus"
"AXLWHITELEG_DISC","Infinite hover, Speed increased, Vertical dash","Pairada infinita, + Velocidade, Dash vertical","Flote infinito, más velocidad, dash vertical","無限ホバー、スピード向上＆縦向きダッシュ","Pairada infinita, + Velocidade, Dash do X3"
"ULTIMATE_SET_NAME","Nova Strike","Nova Strike","Nova Strike","ノヴァストライク","Nova Strike"
"ULTIMATE_SET_DISC","Dash forward with piercing power","Avançe com uma investida poderosa","Embestida con poder penetrante","貫けるパワーで前方ダッシュ","Já sabe o que fazer..."
"ICARUS_SET_NAME","Giga crash","Giga crash","Giga crash","ギガクラッシュ","Nova Strike....?"
"ICARUS_SET_DISC","Hits all enemies on screen.","Atinge todos os inimigos na tela.","Golpea a todos los enemigos en pantalla","画面中のすべての敵に命中する","Full Power! Here we go!"
"HERMES_SET_NAME","X Drive","X Drive","X Drive","エックスドライブ","X DiVE"
"HERMES_SET_DISC","Invincible for a short period of time.","Invencível por um curto período de tempo.","Invencible por un periodo corto de tiempo","一時的に無敵状態になる","Pureiya-San! :3"
"CANCEL_ACT","Cancel","Cancelar","Cancelar","キャンセル","volta carai!"
"BETAZERO_NAME","Zero (Beta)","Zero (Beta)","Zero (Beta)","BETA ZERO","TU... É UM ALPHA!"
"BETAZERO_DISC","Play as beta Zero (Game might crash)","Jogue como Zero Alpha (o jogo pode travar)","Jugar como Zero beta (el juego puede fallar)","ベータ版のゼロで遊ぶ（クラッシュの危険性あり）","Jogue como Zero Alpha (o jogo pode travar)"
"CUSTOMZERO_NAME","Custom Zero","Zero personalizado","Zero personalizado","CUSTOM ZERO","Zero Maker"
"CUSTOMZERO_DISC","Customize colors on your save folder, more powerful than black zero","Personalize as cores na sua pasta de salvamento, mais poderoso que o Zero Preto","Personaliza los colores en tu carpeta de guardados, más poderoso que zero negro","セーブフォルダに保存されたカスタムカラーで塗装させる。ブラックゼロよりも威力が高い","Personalize as cores na sua pasta de salvamento, mais poderoso que o negão"
"ZEROHEAD_NAME","Head Part","Capacete","Cabeza","HEAD","Chifrinhos"
"ZEROHEAD_DESC","Able to learn new techniques","Aprende técnicas especiais","Aprende nuevas técnicas","新たなる性能を取得することができる","Lightnig Loops"
"ZEROARMS_NAME","Arm Part","Braços","Brazo","ARMS","Luvas do Mickey"
"ZEROARMS_DISC","Z-Saber and other arsenals","Z-Sabre e outras armas","Sable Z y otras armas","Ｚセイバーとその他の武器","YOH! HAH! HOO!"
"ZEROLEGS_NAME","Leg Part","Pernas","Botas","LEGS","Grossão"
"ZEROLEGS_DISC","Allows a Double Jump and Air Dash","Permite um pulo duplo e Dash aéreo","Doble salto y Dash aereo","2段ジャンプと空中ダッシュが可能","Faça pulos Fabulous"
"AXLHEAD_NAME","Head Part","Capacete","Cabeza","HEAD","Blast Man"
"AXLHEAD_DISC","Can turn into other Reploids.","Pode virar outros Reploids.","Puede convertirse en otros Reploids.","他のレプリロイドに変身できる","Sai do feiki carai"
"AXLBODY_NAME","Body Part","Peitoral","Peto","BODY","Camisa"
"AXLBODY_DISC","Allows a Tactical Roll move","Permite uma cambalhota rápida","Permite realizar una voltereta táctica","回避ローリングができる","Keep rollin', rollin',rollin',rollin'..."
"AXLARMS_NAME","Arm Part","Braços","Brazo","ARMS","Shadow o Ouriço"
"AXLARMS_DISC","A Pistol with energy bullets","Uma pistola que dispara balas de energia","Una pistola que dispara balas de energía","エネルギー銃弾を放射するピストル","For his Neutral special, he wields a gun"
"AXLLEGS_NAME","Leg Part","Pernas","Botas","LEGS","Glide Armor"
"AXLLEGS_DISC","Allows Hover and an Air Dash","Permite pairar no ar e Dash aéreo","Permite flotar y usar Air Dash","ホバーと空中ダッシュが可能","Mesma coisa da Glide Armor do X7"
"UNLOCK_ALL_SAVE","Unlock All Save Progress","Desbloquear Todo o Progresso","Desbloquear Todo el Progreso","セーブデータを全開放する","Desbloquear Tudo"
"UNLOCK_ALL_SAVE_FINISHED","Save Progress Unlocked.","Progresso Desbloqueado.","Progreso Desbloqueado.","データが開放されました","Tudo Desbloqueado"
